27b73759-1536-4761-8c4c-f928d668bc4c,Denny,Shaw,4/14/9549,Common wolf
85b51b1b-7afe-4773-bf02-b4e137e2518a,George,Reading,8/17/1630,Brazilian tapir
1ec42042-3762-4b7b-9f96-3f790ca7d490,Sebastian,Roman,7/6/9425,Snake
cbb1cd22-86fa-4bf8-8e44-ab36a1c15e64,Chester,Utterson,5/3/6056,Eurasian beaver
fea3f813-5c69-47df-987d-3f7af94cd186,Erick,Abbey,3/4/6513,Blue wildebeest
33b7b312-40da-4ac4-96c6-78c2961c1786,Gabriel,Cork,4/5/9723,Golden jackal
54be2d71-b546-45ed-854c-72cf5bfddc5a,Owen,Butler,6/15/1668,European spoonbill
37d5207c-a21f-427a-8a03-dad3015a6f92,Luke,Rixon,5/19/5109,Eastern diamondback rattlesnake
0b15c13c-b79c-4a52-b0f8-03da55bc9a43,Catherine,Matthews,5/25/5712,Black spider monkey
2ac641ad-d36b-45ed-ac40-f1bb9d17cc40,Ada,Asher,11/12/3296,Common shelduck
8ac900fc-ba32-4da5-a1e0-a7929e8543ad,Johnny,Radley,4/22/0722,Horse
0743fce7-3023-46e9-8d7a-bcfdb80a8cf1,Rick,Bell,7/10/3237,Giant anteater
9889a1dd-6939-4db7-84e6-f4350b3fe213,Russel,Locke,6/19/4685,Bear
5c11f5b4-1af5-413b-8570-e512a60ff116,Rocco,Brooks,12/12/0407,Jaguarundi
ca59d89a-805b-45df-82f2-3542de8ebc4c,Wade,Rees,6/17/4772,Falcon
708a055d-f5cc-40aa-9ddd-c93a0d8c87fa,Sasha,Terry,8/19/1066,Horned puffin
dc655b0a-7131-4384-904f-8c2f8c980ac0,Rylee,Mcguire,2/24/9791,Feral rock pigeon
5521490a-9459-4837-a109-b46ae3a6da81,Jacob,Kelly,4/10/8560,Deer
ed332816-22cd-421c-9440-f09dd5ee830a,Sonya,Nash,11/4/3636,Komodo dragon
8af48b98-b7fd-4a0d-a6ac-e14e6387eff8,Piper,Skinner,8/22/8960,Jungle cat
0729a031-4837-4820-a8f0-ecf9e17218c4,Laila,Ralph,9/13/0139,Dama wallaby
6bd88db0-fbfd-4c6e-8a4f-6fff4d6f8706,Mark,Lyon,5/29/2144,Galapagos dove
f1fc8fc0-9203-4aea-9405-d1e23bb886de,Caitlyn,Roberts,3/30/5832,Groundhog
cc3c9f6c-9214-4878-ba74-4f5533154e64,Chris,Hewitt,1/30/0597,Indian jackal
51d066cb-88bb-4063-bf31-dfd80e5ec80e,Stella,Briggs,2/20/1224,European shelduck
c252d618-69c2-489c-acc6-fabd988ca8b1,Doug,Hogg,6/19/9613,Eastern diamondback rattlesnake
955d7116-f8a6-49b4-ba47-c6b100f42a13,Rufus,Thatcher,12/4/5550,Jungle cat
f2cb6d40-c22c-4347-91ab-088f36722cf4,Rosemary,Kirby,1/29/4576,Giraffe
1ccc6d79-6089-4b84-a6f9-9198d54b47ab,Phillip,Bennett,6/19/7920,FireFly
0239ad5e-5ede-4f5b-b412-88267f8d2aab,Lucas,Patel,12/15/6537,Carpet python
b2ed8dd3-ea9e-4191-a35c-e3ace42a28af,Alexander,Holmes,4/11/3989,Common langur
67f7d4d7-d42f-4d6e-9d4a-03faa508cfb6,Doris,Overson,12/23/9848,Butterfly
2906dc97-f306-452b-8e78-b15bdc34330d,Carter,Fulton,9/18/1954,Jaguarundi
d6db3b98-ff99-444f-849d-19b2314a037c,Aileen,Fulton,3/21/4633,Barking gecko
1022d438-5f39-4b7d-87d1-7024925b44c8,Natalie,Baxter,5/22/6316,Galapagos sea lion
71fda140-cc5b-44cf-b03b-8910020cb7fd,Doug,Miller,9/11/3753,Fossa
1b5038d2-5aff-4936-8486-fe14e3db835c,Teagan,Gavin,2/3/3873,Hottentot teal
eec85040-e6bf-4146-9f43-0188e4d2cab4,Melania,Lynn,4/6/5692,Kiwi
a9c766c3-4b0b-4f63-8123-5cb3583a6e3c,Daria,Forester,6/12/9302,European red squirrel
cd3d1297-7f95-4073-b85b-da1cca94bf89,Tyler,Jordan,2/20/8437,Canadian river otter
46f0160f-24ac-47b0-874b-70cafce81e54,Carmen,Miller,7/25/9730,Galapagos sea lion
a22203d9-ce32-4a62-ad49-41e0c0fc7c5d,Chester,Weasley,8/24/0896,JellyFish
312b8e58-10fa-4c58-b72c-a48f372bd61d,Maia,Carson,4/4/8056,Eastern quoll
0825e178-3c6e-4e62-adfb-075a600af097,Nathan,Sanchez,9/19/0651,Crested barbet
7045ead3-a0c1-40f3-99fe-da25840d48c5,Ramon,Anderson,5/11/4533,Black-tailed deer
3346ea92-b0c4-49aa-a774-e9c6366f133b,Taylor,Harvey,11/18/1015,European shelduck
d533b0a1-ec28-4ebf-866c-cadd243a70e3,Sebastian,Walsh,10/20/6126,Canadian river otter
04cb9c2c-16bf-4ac1-b692-9bc5c42980f2,Paige,Uddin,6/5/9360,Ferruginous hawk
0062d9be-cdb6-4c98-be1b-5b2285182c86,Martin,Cartwright,2/8/8853,Caracal
910faf32-4ca9-418c-bd00-c59d2c7db076,Tiffany,Neal,12/28/3676,Hanuman langur
10c76393-1c1d-4f0b-84c2-24e85e4e25f8,Susan,Rossi,9/22/4655,Common langur
77910016-dce7-4d06-9869-54fc643318bf,Kirsten,Adams,11/23/5973,Clown Fish
00d3ad10-a20d-47ee-b575-fb67c8a0fbc3,Gabriel,Heaton,7/17/3697,Huron
5fc41009-1e31-4362-888c-d598131906f7,Josh,Clark,11/9/8308,Snake
6c34d9b2-d44a-4df0-add0-1a205f35d8ad,Sarah,Sylvester,6/20/0181,Black-tailed prairie dog
b95a7f93-4f98-48c5-acb1-a603cd4105a8,Ron,Purvis,5/15/1840,Ladybug
65d165a8-adab-4d19-8293-d32b71de6459,Lucas,Reid,6/22/9439,California sea lion
28c69cd9-7c26-4d03-aa74-80600d810058,Quinn,Silva,8/9/8416,California sea lion
a285bf3a-87a8-4694-a862-6f75803a166a,Maxwell,Utterson,5/26/4029,Vulture
4551b4bf-8925-4cf1-b754-b40bfa19fe0b,Michelle,Robertson,12/4/8905,King vulture
5fe18070-5ce4-4d8b-992f-e714963260b4,Payton,Neal,4/19/9439,Flightless cormorant
48b7d5e1-220b-4b69-9dbc-60b2ef9b4a7a,Carla,Graham,5/23/1187,Harrie
86640379-4764-4d4a-9d59-a00dcf5d69ef,George,Stone,2/1/9746,Gambels quail
10e1427e-dce2-46b4-a6ad-842636afc0be,Gil,Stevens,5/24/5039,Weasel
846538d3-9f39-4f1d-8195-3be57479f507,Valerie,Dempsey,10/24/1673,Kaffir cat
13bcd5ea-7f86-431c-87f4-5a86cc8ac6c9,Hayden,Milner,6/14/3335,Cattle egret
7395da69-b048-4788-96ac-9796003b504a,Alice,Uttley,10/18/1156,Giraffe
b2e40810-e9c6-4b0f-a978-b26a2b351789,Beatrice,Jones,4/21/6133,Chicken
6b9fb8cb-1b18-4d47-8390-f3129ae90756,Sara,Harris,4/6/8288,Indian peacock
b0b302c7-f367-41ce-846b-3291aa1238de,Mabel,Summers,12/15/4504,Gila monster
32ce0f00-9414-43e3-8fa2-b947b7ec1695,Tara,Rust,9/4/8418,Kiwi
3c263d1b-1dd2-4054-ad20-ca6ccf6f0150,Aisha,Farrow,11/26/1974,Wolf
0a4f9e7f-0fe7-4065-a050-99bcc32edf74,Paula,Taylor,8/11/9488,Hawk-headed parrot
ae5f85d9-ba13-4a63-8dbe-b5ece85be94e,Harmony,Simpson,12/26/6640,Kori bustard
053bdd5b-445e-442f-90e6-d8e3319411d2,Peter,Lloyd,1/20/1424,Honey badger
65a553df-9bd8-4fd7-9ef6-2660a534ee7e,Henry,Marshall,10/12/0881,Black-capped chickadee
653c9ace-0c56-42b1-afd9-fcd4235f8f48,Nate,Ellwood,11/4/5736,Crested barbet
8cdd8f52-52cd-4720-a755-12014527d09d,Chelsea,Gilmour,11/9/7615,Brown pelican
f174f919-0771-4ec5-90bc-88e11781a827,Cadence,Irving,4/29/1044,Calf
489d6944-e079-4afb-8f02-7825dc5781e6,Eduardo,Stanley,11/17/6136,Chicken
6caf2b13-3cd6-4045-ba4a-b36a31e9924c,Phoebe,Johnson,6/6/3083,King cormorant
18b88532-7d7a-4141-a7fe-b83e152220ea,Alan,Stevens,1/15/8034,Galapagos mockingbird
b7734d85-5e73-4d50-8a4c-76f4c0f74377,Noah,Cavanagh,4/19/0609,Dabchick
2bf20bf7-fb1b-4a97-99ab-f68b85e7e7c5,Marissa,Callan,6/13/6729,Ladybug
93a12c25-1dea-4ab0-aa8c-a6a69d34d521,Leslie,Whitmore,3/19/9254,Cormorant
2b483fe7-1b53-46e2-9177-e3a95af9eedc,Zara,Allwood,9/29/4170,Clown Fish
43c4163c-e77b-426e-b9ea-5e07adf73a89,David,Moore,5/21/5206,Eurasian beaver
9986a92a-52bb-4d9d-a832-40c43334f73c,Manuel,Archer,6/27/3190,Jungle kangaroo
c5114bcb-2fd2-475f-96b0-873708f94815,Ally,Parr,10/6/0220,Common turkey
ed100437-27d1-4542-a1b4-729e6c346900,Bridget,Logan,1/11/6513,Feathertail glider
765e3997-5879-49df-977d-da470c007b0d,Fred,Ogilvy,9/29/4804,Eagle owl
4d56c50e-b753-4e22-87b1-4658e223bee3,Iris,Jarvis,7/3/7587,Downy woodpecker
e4695760-6a9a-440e-ba85-7375cc5950ef,Rita,Ross,6/28/1435,Brown pelican
71aa2393-dd8d-423c-af3d-65458f15edc4,Chuck,Bullock,6/23/1595,Fat-tailed dunnart
e84d2c44-a2bd-41ac-9422-38620539072d,Sara,Asher,8/15/8745,Donkey
c110cb92-3653-4bf3-9f30-f6ab045f1d22,Chris,Todd,6/26/7322,Comb duck
35df65dd-3bc6-41f7-b371-01bc2b479dbc,Chad,Miller,1/23/2313,Giant girdled lizard
eed21104-821d-4e95-9af0-e65124f3d9ad,Percy,Hunt,4/21/7884,Indian mynah
324e5339-4ee4-42e6-b6ff-051ff19fdee0,Barry,Saunders,5/13/3120,Bear
6d73a55c-590e-4605-857c-bde7aacb1731,Ron,Selby,12/16/4293,Gray rhea
3d9f11f8-b8a4-4c62-8769-92fc370a3585,Rebecca,Allen,3/25/1697,Common turkey
5affc0c7-ede8-4d30-bae0-52aaf64cdfdb,Chanelle,Powell,7/31/5404,JellyFish
340caa2f-06ce-49a9-98ac-51bb36b80c29,Caleb,Whittle,12/17/2445,Indian giant squirrel
0447f77f-b31b-4b60-bdd6-72a622ff00dd,Kieth,Milner,3/20/1500,Kudu
18dc99fc-a741-46a2-bb2a-4e2782a873ea,Jaylene,Cadman,5/26/4498,Sea Elephant
f427e020-e961-47f4-8881-62236ae51f02,Marvin,Chapman,8/5/6201,California sea lion
7fb97155-8b51-4af5-a118-19e02bba4577,Alexander,Price,11/28/0937,Yak
0f0793df-4b5a-4dc0-adf1-a7190b930d12,Florence,Casey,1/29/4966,Catfish
7ab74f5b-5889-40f9-8459-6e0c58d88a34,Johnny,Middleton,8/2/6638,Hedgedog
2301da4a-3dde-48be-b4bc-a39c42ad85dd,Barney,Tobin,5/20/0398,European badger
b32cec6e-8895-4041-ab40-c4f6c709c810,Regina,Garcia,9/16/3690,Vulture
7becdddc-f9bd-46fb-a884-b2cbc9377df0,Lindsay,Dallas,12/8/0096,Toucan
20aa03cf-dd4b-4f74-9c51-2bd99ae0e761,Janice,Saunders,4/24/2292,Coyote
f68f55df-20c1-414b-a957-ae5002f8b79e,Danny,Roberts,11/18/4204,Bushbuck
c9500ba5-6cef-49e5-a5f8-560ae57157a9,Chuck,Vallory,9/10/1480,Swan
23590065-a167-4bf2-864d-730cbac6ffa5,Enoch,Burge,7/12/6272,Common green iguana
267ffa0b-f669-4b0b-affb-8e532dd0f6d5,Cameron,Walsh,8/19/2944,Indian leopard
771ed20e-9454-451c-80f1-8c7d22efceb8,Rita,Price,7/31/0790,Bison
4f2d4b59-14f7-450c-b71d-c766686baebe,Alessia,Needham,5/2/1889,Black-tailed deer
27702e0e-0d9b-4340-8723-cd7693647589,Barney,Gunn,4/10/4378,Impala
21406606-4450-498d-beea-bcac83651ba3,Belinda,Plumb,4/18/7155,Boar
b322a21e-0aae-4746-bdfa-4edbd523c805,Chad,Purvis,5/16/3278,Helmeted guinea fowl
a094a318-d688-4d75-a74d-07e1ea3e692d,Christine,Wise,1/8/4344,African elephant
802a2bf2-3741-4677-8af3-b3021daa658f,Jayden,Whitmore,5/31/4004,Downy woodpecker
1af7aa42-189a-4773-827f-05dfa7d415b4,Aisha,Rogers,9/21/7396,Ibex
cd307a44-cd02-4275-8b3f-19b82fbda3c7,Emerald,Harper,5/13/7797,Jaguarundi
5b92d696-c43d-4fdf-9782-0a5db5e24422,Jenna,Oatway,7/11/9879,Panda
4e042f59-1094-48a0-aa14-76dfd73b0211,Bart,Drew,8/4/9570,Wolf
69331aed-81fe-4a27-84eb-b07d2deb8eba,Susan,Jarrett,12/8/8593,Lemur
0186f1cd-30c8-4563-a8d9-00efb0acbcab,Joseph,Wilkinson,1/19/8817,eagle
1948763b-faf0-4041-9f4e-4b1979a81a52,Anthony,Plant,8/29/5121,Honey badger
f177fc70-6bbb-4cdd-b473-82bbcf864041,Livia,Egerton,8/4/0813,JellyFish
fc8a239b-67c5-4d5a-a611-8132bd676e2d,Martin,Bennett,10/31/4381,European red squirrel
feef09a1-2f8e-4933-bc49-79912f6643d9,Bree,Uttley,10/26/2894,Antelope
27ca7ef4-1329-4b6c-a62b-e8ba7112b9e0,Roger,Collingwood,9/25/0685,Common duiker
be983626-99f1-47eb-b2be-b88ba6ead852,Hayden,Lakey,7/18/0047,Huron
53916a31-5525-464d-bcae-00930cbc1ddb,Tyler,Noach,7/12/5646,Lemur
d37f4652-c355-4aea-9138-9fbe12e63855,Fiona,Harrison,11/5/3986,Gray rhea
9c7afbbd-6fcf-4729-9e74-c4153c6e6a11,Carl,Murray,3/14/0210,Giraffe
9a53f938-ad44-4fec-a2b0-b1e0c0384c33,Rufus,Cattell,11/26/1543,Harbor seal
3c50f4f2-56e8-41e2-8272-1ab3c89adb70,Enoch,Pearce,12/30/2909,Caribou
6cfbfa19-cac2-43bd-9211-6e7b8f955834,Winnie,Kidd,1/29/1093,American buffalo
b9dda36e-bf01-4add-bbf6-7464dcb23d7e,Owen,Redwood,4/17/2006,Badger
51da3ee6-2450-4995-a4f9-ddeb7b81c67a,Claire,Lambert,11/16/4511,Catfish
b62c13ea-0340-438f-807c-5e4cf354fd4f,Danny,Poole,3/25/0090,Common seal
2a61c4dd-18ce-4d74-b431-b85ecd5cd792,Jazmin,Crawley,9/13/1042,Clown Fish
f7491cb5-0e06-4a9c-aba0-344300308638,Angelica,Stevens,10/2/9130,Cape cobra
367ecb3e-5891-4fcb-99b3-8cc198226ddc,Joseph,Pond,10/4/7453,Scorpion
42607bde-665c-4e17-aa3c-afce115893b9,Lexi,Oswald,11/29/9637,Greater flamingo
3c3f8bdf-7f33-42fc-adb6-7f1530143557,Gabriel,Lambert,12/4/2444,Ibex
4b4598ce-15ab-4a3c-8771-d016c85a6b65,Martin,Norris,4/16/7181,Eastern boa constrictor
7b94f95a-c767-41d5-9d56-3d6160455b50,Tara,Bowen,12/27/0922,Dassie
a3bb676c-98b2-4969-9436-edd8ac3a375c,Rick,Hunt,12/27/8965,Four-horned antelope
cc214640-9d52-4b10-839c-8b98422c6829,Callie,Rodgers,3/11/5078,FireFly
357b670c-c7ad-43f9-8829-ec2f0180e41d,Abdul,Gilmour,12/6/2258,Jungle kangaroo
985b6274-0c18-475d-a666-1dde340934df,Jack,Todd,11/17/7174,Zebra
56ca304e-111b-4afe-96ad-cdee023e94a8,Erick,Camden,4/18/0392,Snake
8cccfea2-ecd0-4c17-8d59-e5f1d534a5ae,Gwen,Rowlands,9/24/7835,Catfish
391dd7d6-9d89-4679-8fa6-942804a51650,Cedrick,Powell,3/4/8861,European badger
2c839842-3235-498b-99b4-f3fa435de45b,Bridget,Rixon,3/21/4757,Gambels quail
270e0ddf-4639-49c7-ae3e-189d4c6cc1d8,Javier,Holmes,11/13/8165,Arctic fox
5ac2c271-2d4b-4c64-bd10-b7e18714c1d6,Penny,Sherwood,3/16/2853,Harrie
b4f243b6-7b7c-41a4-8b57-c19a23b9da15,Isabella,Stone,8/26/2623,Golden jackal
bbca8bab-12d2-480b-878e-811fc5f551b5,Barney,Brooks,11/11/4151,Duck
55038d04-8140-40a5-be68-8b3c3f2fad8a,Barry,Reading,7/18/3477,Buttermilk snake
9d1e1645-74d1-464d-8b7c-8ee95257ccd1,Margaret,Hudson,12/30/5752,Kinkajou
c43d5ede-6810-4409-8cc2-e869bddd10d5,Payton,Malone,1/18/5545,Golden eagle
20a1d55a-761b-422a-ae13-16bdcd9f4963,Tyler,Mason,12/7/9403,Weasel
a4eb5e58-ac7a-4623-b50a-b710a9e028e5,Rick,Lakey,4/3/2188,Dabchick
04520aee-1705-4945-8c20-10116cd5db1f,Sharon,Wilde,7/19/1781,Carmine bee-eater
acc07dda-83d0-4ee8-9d20-8973d953e1f6,Bob,Partridge,4/30/0465,Hedgedog
9548c598-7608-4dc2-9618-8d52ab62339e,Nicholas,Ellery,5/20/7125,Collared peccary
030cf451-a649-425e-9863-2db36e3da8e9,Quinn,Fox,8/17/7221,Alpaca
37481c96-06d4-4f85-8734-4f366645c5b1,Fiona,Donovan,4/22/4223,Gambels quail
7f685b97-65a0-41c4-9654-b2560bdbcaba,Carla,Taylor,10/26/9153,Eastern diamondback rattlesnake
5f18c87a-5294-4b03-8739-61bf77256084,Brad,London,12/17/9309,Horned puffin
24545451-65f0-4902-bd62-fddf050cb57a,Tom,Savage,7/16/6248,Mouse
35183830-f2bf-41aa-91d3-9d50b8294acd,Denny,Morris,11/14/8959,Huron
538ff834-5531-4fe7-b8c2-db0b23715328,John,Chadwick,3/10/4138,Great kiskadee
f6d343fc-9511-49f7-a03b-f67d1ded22d2,Noemi,Morgan,5/15/3931,Donkey
f93458b9-4890-4872-8153-e156d9e7d59f,Peter,Phillips,10/12/6580,Desert spiny lizard
f722a61d-c7b6-4c7f-9669-5f36d115c2b5,Danny,Walsh,8/3/0623,Fairy penguin
51378d1a-c5ea-4754-b77b-2950a6d3b9bd,Danny,Doherty,3/25/4427,JellyFish
f3cdf445-a89f-40ec-84e8-d098f6bad8c3,Danny,Pitt,9/26/4673,Barking gecko
23145458-d155-4718-aa5d-7040c9800e7c,Ronald,Rose,11/21/0879,Chacma baboon
3fe9110b-5ddf-4c23-8425-398bd6e5818f,Chuck,Rust,4/21/6565,Common shelduck
25ef40c4-2f3e-4a92-a2d2-55d600dd4b08,Chris,Holmes,4/8/4360,Eastern white pelican
41d96d4d-a23f-4332-80d4-d3ac03f9b0fb,Lillian,Baker,2/27/3195,Raccoon
19a89513-cd17-497a-9cd6-884cb0d1fbb6,Denny,Lewis,8/13/2959,Brown pelican
59a5675e-ae90-4f4c-bd30-38a56f60f5db,Camellia,Mullins,5/11/1955,Chacma baboon
66f88856-15c4-4cff-a124-9a56c78f930c,Matthew,Clark,9/7/5835,California sea lion
c7e8d668-fcfb-4127-884c-83a2b775ebb4,Esmeralda,Roberts,2/6/3111,Blue fox
b61778cd-22e5-46e8-a437-3ef9cc92aef5,Kassandra,Jenkin,8/30/3135,Fossa
20483e9b-25b6-4a7f-a77c-8c968f57a674,Kaylee,Quinnell,3/19/8555,Indian porcupine
5d4691db-980b-4bbe-a478-c21d054312bd,Teagan,Sanchez,8/13/6925,Japanese macaque
9f5bc0ae-57a9-4b1a-ba5d-571ff144ddfb,Aurelia,Gates,8/27/4248,Wolverine
52bdc89e-3894-4fd4-bf30-34e7c998e623,Benny,Bennett,8/14/2422,Shirmp
7f9a7de3-e8d3-4170-8052-7d8a364406db,Hanna,Gaynor,5/30/4356,Golden jackal
a6539ef7-bcc0-43c0-abb8-b9c1b07e602d,Benjamin,Allen,7/22/4951,Cobra
e52daa59-67a8-4d5e-90ac-924260d295d4,Ronald,Rigg,5/5/0579,Black rhinoceros
00468a3a-9d61-458e-b81b-36f6c0308371,Danielle,Stone ,10/14/1687,Blue wildebeest
d7ecce4b-727d-48f6-be86-5d3fb77152c9,William,Pratt,5/12/0712,Mouse
a6d526c3-ca1b-4ec2-848f-1cc69c87d8b8,Bryon,Ianson,12/22/9597,Eastern diamondback rattlesnake
51921826-c327-4411-b7fc-27f3d536c570,Blake,Nayler,3/31/3711,Common wombat
f941d965-8b86-4be9-aad4-e68b3c4f740c,Tyson,Redwood,4/19/2996,Blue catfish
36c53e08-1c9e-4063-9b08-31d5d63a7ce0,Kirsten,Bryson,8/31/5334,Falcon
02673215-eeb8-46df-bfb8-36c7b4f9abc5,Brad,Torres,2/26/1366,Canada goose
d7216233-9fb0-4ee8-9eed-cadc8c167c76,Kendra,Rixon,8/21/7505,Common seal
363113c1-ffce-4ce8-aedc-e990e60a8338,Jolene,Radcliffe,3/5/5025,Four-horned antelope
c0f4a804-15ce-4494-a435-6c85a604fe6a,Alexa,Middleton,4/25/0433,Groundhog
dee851c0-dc99-485a-ad00-67814fd6326c,Aisha,Neville,1/1/8633,Cattle egret
79e21c75-9e0d-4d2c-b493-b567e8b86636,Caitlyn,Walsh,2/6/5138,Collared lemming
7480580f-d216-43ab-b07d-70427c152567,Kate,Redden,6/18/0136,Fisher
c9641371-497d-4159-bfef-9687f210006f,Benny,Johnson,11/11/5171,Deer
f2351635-3d2e-47ce-854c-2971ed1bcb61,Keira,Allwood,2/28/6416,Ant
53403166-3f3b-4a82-950e-86a3e6fc89a1,Elijah,Pitt,6/16/2786,Eastern fox squirrel
abd46618-0e11-4430-ac6c-ad064b122951,Jaylene,Whittle,2/27/6028,Snake
f46900e1-d2a8-4062-9454-39a2594952e7,Bryon,Ingham,12/5/3811,Black-tailed prairie dog
fa6e47ff-6c76-478d-98a8-7f6f12ccc495,Gil,Flynn,10/14/0694,Cape Barren goose
3b2bdc89-0e10-4f86-b750-01d9d7bfebb0,Henry,Dixon,5/19/7306,Weasel
560bcb3e-4f1e-4be4-8f02-2eb411ffb4aa,Matthew,Curtis,4/24/8963,Catfish
a8b45534-1e69-490e-b046-12944844c7b4,Tyler,Redfern,9/28/4999,Monkey
dc543a1b-ea20-4b4c-8d77-c6728493a428,Wendy,Addison,10/4/5276,Eastern quoll
36550e93-1a70-4bca-9b6d-2318ddcf7e0b,Mike,Stone,1/28/8285,Caracal
3257259e-f716-48f7-85fa-84209f89d9eb,Joy,Norris,9/3/8890,Common wolf
8de042f8-6ccd-4c69-95ef-84701bf0159b,Aeris,Ellison,10/16/7223,Indian tree pie
5efde7d9-5053-437b-925c-dc7b0c87dfde,Rick,Williams,12/31/9750,Galapagos mockingbird
5e009ccf-a77b-4489-93ba-c12aa585597a,Caleb,Dale,6/17/0069,Brown pelican
1ae7dd1e-c1af-4a0b-94d1-b69232d3725d,Esmeralda,Hastings,4/3/2450,Gaur
1f1948b7-1b0a-4037-9c6c-9cf9f158d089,Bart,Baker,10/21/6012,Bushbuck
e6c4f9f5-1396-4f3a-b51d-01a5b39edd5c,Sydney,Ellison,9/27/9058,Fat-tailed dunnart
8ba0b540-5f78-4cea-a8bd-4877e664565f,Nicholas,Bell,10/15/3001,Egyptian goose
608bf8a2-c43a-41e7-82cb-b9e5816de70f,Barney,Stuart,4/7/4345,Galapagos mockingbird
497fc051-fbb6-4e84-b1e3-653182b8dce5,Amy,Robinson,2/23/1451,Eastern white pelican
b5cc2fb6-095a-40ba-88d8-f4a717baad55,Jayden,Shea,10/12/7604,Eurasian hoopoe
6ca4a48b-9e0a-454f-9944-8ece3459efb2,Josh,Noach,3/23/6330,Dog
d4a071a0-aaff-4a24-b55d-9f3e69c2c3a3,Analise,Randall,10/11/4151,Catfish
2ba87536-b15e-43a3-aa62-bdfc4b48d46d,Candice,Mason,6/7/4873,Hanuman langur
e79c9815-4493-480d-8365-039a6c7a344e,Michael,Palmer,9/27/5110,Kiwi
420ebbcf-4ae2-4570-a971-d65b89ad42e7,Estrella,Tennant,6/17/7611,Chestnut weaver
31d60056-0418-43c5-b918-c26504b8abc8,Sebastian,Mcguire,4/17/0939,Sparrow
b2f178c5-5346-407f-9ce5-e364dc47cdb3,Nathan,Anderson,2/19/3424,Crab
e50a9da8-cc47-498f-aa43-f642d31ccb33,Luke,Janes,3/16/5066,Frilled lizard
46ba6386-e2e4-4b0d-a049-7fbdcb0b1bb4,Oliver,Hammond,12/14/3978,Common langur
541e0d13-5612-4803-b96f-7e0ea880f580,John,Carter,8/27/1696,Javanese cormorant
092b8e31-8d0a-464c-8d02-1ceb31e99c29,Maggie,Vaughn,8/10/0798,Indian porcupine
b3a000a6-2f4f-47d6-a9ce-1788f3043416,Bryon,Knight,5/27/0709,Common wolf
ba67724e-47be-4e8c-bd93-1dc27c7a27fe,Laila,James,12/15/5246,Wolverine
f1271171-d889-408b-a226-6666bc7fa4ef,Manuel,Tutton,4/20/2676,Ant
af36b738-03c3-4d45-9aca-48f1ef3b740b,Cadence,Bingham,10/22/5437,Giraffe
58fa90fb-2675-4f54-ad0a-58f978b8bd00,Tyler,Lindop,2/17/7088,Eastern grey kangaroo
fc59b6f5-1efb-4598-9472-66e056be2bb8,Catherine,Myatt,5/13/0567,Brown pelican
7fc231e1-668f-4ef6-a698-157e42c18b17,Benjamin,Stone,7/13/2662,Gray langur
a09fa2bf-81ef-4a29-8fc7-95a51e327cf2,Denny,Dowson,8/1/4022,Bobcat
bc1ce22f-f854-4b70-8324-256abe804e9a,Liam,Redfern,3/23/1377,Hamster
e72ae11f-67ee-44f7-b1ee-40645aaae5c3,Peter,Irwin,12/22/8545,Dalmatian
13843bad-89fd-4e3b-9635-727ef22510d4,Nina,Lindsay,12/6/2223,Great kiskadee
849f042f-7cae-43d7-b43c-6a529a067d27,Maxwell,Utterson,10/28/0099,Eastern white pelican
c8cb445a-c824-40b9-98ac-cee6df3a957f,Ron,Jeffery,10/5/4565,Capybara
6901c286-d9f5-4277-95f2-223d071a17c0,Peter,Radley,7/9/7972,Armadillo
80550c00-4a38-4b89-9683-a7bdb26b87c0,Bart,Logan,7/1/8539,Carmine bee-eater
0d1b290f-4adf-4fdc-87d2-f3f8ee705646,Hank,Lunt,12/1/8171,Vampire Bat
96ae5668-fe2f-4d12-b606-ad569a14c370,Benny,Ingram,8/29/5525,Gila monster
44dea4cc-3c3d-410c-99f8-91bc8ab412db,Penny,Matthews,10/16/3630,Common green iguana
1aa71e08-0938-4084-9ab7-63dc7a71ee9e,Carter,Appleton,10/24/8705,Brown lemur
5ff2e544-c0eb-4cdd-96b9-11e8d559f992,Chanelle,Sloan,8/12/4393,Deer
d80d5e44-1e26-4d12-bcae-5170be897048,Logan,Summers,11/26/7550,Badger
aae48515-3afa-4aeb-81d1-313cabc8b581,Mark,Harper,8/4/8591,Worm
2b15162e-a2fc-4b49-b9f6-2a2ae8515914,Remy,Purvis,6/13/8258,Falcon
f56edeb6-7de3-4257-97ca-cc3b26aa594b,Elijah,Williams,2/12/2639,Cape Barren goose
c5c97f9d-817f-43b2-9523-fb33c1da4327,Savannah,Adams,6/18/3491,Gambels quail
83f4b283-ea56-4df8-b4fe-4342521fd95b,Michaela,Porter,8/23/2564,Fork-tailed drongo
e3291071-b4fd-45a7-ab95-93143065dd32,Phillip,Watson,7/18/5984,Eastern indigo snake
82417a1c-f981-49e2-892b-97f602b56b9c,Chloe,Eagle,4/15/9805,Bushpig
5bb6f31a-a2ca-4039-9510-b5d2f04d9ebc,Aisha,Ogilvy,10/25/6567,Kelp gull
2bdd7edb-a220-4bb7-82c2-e0387b12d349,Samantha,Pickard,4/19/5038,Shirmp
d8a21f10-4e1d-45af-9572-ab4c348513a7,Sofie,Pearson,12/8/0708,Elephant
0fc11a6e-7760-4bcf-9ba9-1ad90fee0490,Tess,Dickson,5/31/2991,Donkey
8c1e8574-5b19-4b61-a659-694856e75dfc,Selena,Thompson,3/18/2003,Albatross
6b7a5324-7487-43b5-ab87-51a896b66c67,Isla,Pond,5/27/2463,Lemur
7c3191bc-5785-4784-8579-45bf3b62c31b,Skylar,Wright,12/31/2842,Cheetah
e87ac083-a013-4e47-9cd3-98af9da72694,Elisabeth,Harris,11/21/7634,Badger
b6045ed3-135e-4455-97d7-0cad5c9d126d,David,Graham,6/9/6060,Monkey
9ffcbb2f-f15a-450b-b4fb-1a90575fc920,Aiden,Flynn,6/23/2607,Chital
fcea6497-77a7-4bd1-869e-dc92ee52be43,Chester,Hewitt,7/29/0097,Giant heron
1fc733f5-1fcf-4f1f-8fc9-092e6d8bd2d2,Ryan,Bentley,10/29/4326,Hippopotamus
dea23b8a-d4f2-483d-ae48-b9a4135d870e,Janelle,Wilkinson,6/9/9964,Black rhinoceros
5c6e74c0-4b0f-4436-9e2b-1afca0e3ba2f,Clint,Blackwall,2/5/8106,Giraffe
39ce499c-71a8-44fc-82d3-eca637c7bd10,Alessia,Penn,6/26/3158,Dromedary camel
787f04da-7e3f-4288-a048-d5fe3460b95f,Karen,Fleming,12/13/1241,Common ringtail
bc1cff17-69d9-4b20-b7c6-fc2168086ca3,Lexi,Gilmour,1/1/0962,Chipmunk
93a46bee-c52a-4bdd-b032-c4fe3102d009,Janelle,Rowan,3/1/8410,Eastern indigo snake
38978e8f-92bd-4da8-b178-5a582ebd84be,Josh,Anderson,1/13/0376,Giant armadillo
4e4f8c1d-a764-4448-83fc-6e9563e84455,Norah,Young,9/21/0544,Eurasian beaver
cfc3af68-d92a-48ee-be26-13d8f26e3d48,Jacob,Rowan,1/5/0829,Weasel
eaf1cbd5-7a9d-40ab-94ec-2de5ef8d9f72,Winnie,Ogilvy,4/9/8863,Jabiru stork
f0c0fe6f-d445-4870-91c8-d4f4b565e876,Tyler,Yoman,4/24/8958,Giant armadillo
b6e10736-9f31-46c8-8dee-1d1b0534b399,Nick,Donnelly,12/14/5156,Hottentot teal
6d485ab3-b4d3-4c15-bcf8-60a5940461ce,Valentina,Wilkinson,9/18/2460,Fairy penguin
faed2fb5-b68c-4d0a-9f3b-9723c78ab06b,Jennifer,Simpson,10/31/5138,Horned rattlesnake
786d941e-e6b8-4dfc-b38c-b5559c54b612,Erick,Kelly,7/1/0368,Ferret
24efa28b-8087-40f6-9e41-824bc8eb6428,Sasha,Richards,8/16/8334,Kaffir cat
faf74116-4fe6-4fd4-9226-97cd352b2281,Ema,Jordan,1/8/5529,Dassie
02bffe6e-ffdd-4eaf-93cc-b78ad60d4b4d,Lexi,Martin,10/15/6192,Desert spiny lizard
56a5abbf-697b-49f6-9acb-d8085c82a2fa,Meredith,Plant,9/23/8236,Galapagos sea lion
69b903cf-504a-4478-bcc5-166eb270dafb,Ivy,Irwin,8/3/6405,Dusky rattlesnake
dd293c6c-ebd2-4bdf-9315-1d2d0fb4d403,Payton,Lindop,3/1/9401,Common zebra
71f6eda7-0b30-4146-a55e-ceae86a14ac7,Harry,Torres,7/21/6210,Black rhinoceros
87575318-8c1b-4b40-a664-3fd5ae5fa710,Ada,Franks,3/26/6334,Butterfly
82ba9678-a0fe-4c4e-9c74-78e975f5b6f4,Samara,Jarvis,9/16/9605,Ant
7563d013-e884-423d-ac73-41d87a8ee824,Doris,Kelly,2/2/6813,European red squirrel
f4cb9fd8-b467-414f-8908-f5eac013ddd5,Barry,Graham,9/23/0421,Bobcat
5af1b3b6-8f40-41b5-bf6f-ce30e96fd9f6,Boris,Bullock,7/29/6776,Panda
8eac91b4-fff7-43d9-a424-0603bf819ffe,Remy,Wild,3/20/7206,Frilled dragon
ea0a4540-1808-419a-83da-241e5781d8bc,Daniel,Ellis,3/23/0048,Canada goose
077f45cf-7cb1-4fd6-860b-7a21cbb1d41a,Tania,Brown,8/11/2283,Donkey
0b3b2fa8-71a0-4128-a181-33205b0aafe7,Faith,Jones,4/13/7524,California sea lion
0f327889-2aec-4d27-a0d8-73565a6db466,Rylee,Tyrrell,4/26/2451,Badger
8285f6aa-1e2f-4c3e-8223-ae1c3002a5ee,Jade,Connell,5/25/3688,Sea Elephant
1bc33684-6d5c-49d5-bc25-ac78c03cf7bd,Anne,Needham,10/6/6707,Avocet
54e24960-f92f-4670-b676-9774f0bcd33c,Iris,Alldridge,2/10/6816,Chicken
6adb8a39-6440-498d-897e-03a7f04bdfcc,Darlene,Fulton,7/23/4748,Vampire Bat
f75187b5-f13e-4da6-a88d-8e3a53f05e6f,Esmeralda,Buckley,6/4/7931,Sheep
aa5b983e-5951-4ba1-ade8-72e28e30d41d,Isla,Farmer,1/26/2045,Brazilian tapir
27267062-bcc5-4bbc-995d-c7c7ae96278a,Nate,Rehman,7/8/1067,Donkey
18670cd9-1981-4185-bf85-3308eb2b50b6,Zara,Thorne,12/10/5485,Carmine bee-eater
b60c73df-515c-4166-8096-da0d23ca6a51,Celia,Smith,11/6/1916,Mouse
edb1764f-e9fc-4b33-9894-8b4b9a42df40,Carina,Purvis,2/5/8300,Indian tree pie
cad01a55-7c77-4b24-9ee7-0740efb3f9f7,Ethan,Duvall,11/11/6465,Wombat
b8e6a5fd-07a9-41ee-879b-9264c66d425e,Teagan,Allwood,2/10/4741,Puma
701a9281-d2f2-4aaa-9fed-edee564f4ebe,Rita,Jarrett,7/4/5439,Galah
65b4c79d-c7ef-4091-b45c-a31694b7efaa,Lexi,Edler,12/15/9974,Tree Frog
3eff6e45-a3a6-4922-9b86-2268988e52fe,Olivia,Hammond,10/2/5968,Groundhog
daddaf89-2bfa-4e90-ab25-85217feb13ef,Josh,Shaw,12/2/2092,Fringe-eared oryx
0f37991d-2089-44bc-990b-b9b73288ae83,Stacy,Pratt,1/13/6178,Common ringtail
a83fab35-f6c9-4d7a-b742-c8a3eeb7034f,Benjamin,Allen,9/17/7678,Carmine bee-eater
b8b94247-1f0a-4e20-bb19-82626e9e8d03,Naomi,Cassidy,4/6/4933,Feral rock pigeon
63881ae2-f5ea-4c53-9e5a-e3ccf8e3977f,Tyler,Warren,2/27/5598,Flightless cormorant
b0f6ca73-1740-40fa-8379-6463dfe3bd5b,Jolene,Tait,6/3/3458,Wallaby
18696417-a81c-40bb-96c4-d2ea626d0c79,Anabel,Broomfield,1/18/1369,Kudu
d141acac-7eaa-412b-9004-d4ee64374cd6,Josh,Rigg,12/20/5483,Calf
1a87bbc9-dd60-42bc-883e-19070215f4d6,Nina,Richards,12/21/7461,Leopard
ebee2bc6-48bd-4f0f-b28c-50dcd64c54a6,Ramon,Egerton,4/9/1716,Common turkey
89b7110a-d8c3-4a29-96fb-2b472c5f65b1,Johnathan,Avery,7/4/8307,Helmeted guinea fowl
1b4a8e5d-695c-4171-b687-d65b84d59bec,Marjorie,Pratt,11/4/2848,Honey badger
734104dd-4bc5-4b25-bf8d-61654eed6ade,Tom,Andrews,12/29/7301,Alpaca
a72d1144-fac3-4aff-8241-6a7cc14f50d4,Janice,Tindall,1/9/4272,Indian mynah
3c0bb303-e6c5-4e1e-860f-220228458522,Doug,Martin,8/15/6863,Eastern fox squirrel
732c135e-f985-42e0-93e5-90dd7d5b4197,Domenic,Whitehouse,10/3/7971,Buttermilk snake
778b8b15-7a7a-4ef7-80de-d6fd5617f59c,Amy,Brown,11/28/3833,Seal
cafee722-6466-496a-b240-76b9961a724c,Zara,Leigh,4/12/8947,Giant armadillo
b4855962-ec87-4bc8-8609-f9068645c954,Makena,Ventura,2/19/4540,Japanese macaque
1ad7ffc5-ec99-4785-acaa-ab3cb38ea692,Javier,Hilton,10/14/7511,Gorilla
89a62cd5-2d56-4eb5-9da9-97f51d58e13f,Daria,Jenkins,10/22/5281,Vampire Bat
7a5c22ec-a13d-45ad-9e17-781f97725c4c,Piper,Lunt,1/19/2144,Antelope
b0b7b0be-a0df-4132-9fa5-1b34f56eadb3,Manuel,Hamilton,7/5/2738,Galapagos hawk
9a116d42-3fc7-4b5b-a2da-45f1d0c8af33,David,Farrant,2/28/5704,Catfish
2614c986-3feb-4cce-847a-c2fb93c30238,Brooklyn,Graham,6/6/3080,Bat
89948ca1-2448-479e-a189-5df4db4c8e50,Zara,Swift,11/16/4652,Gray duiker
1807b3a4-a51a-4f88-9eb3-b9c44828f401,Marilyn,Anderson,8/6/3424,Sparrow
43d16e61-d07e-4255-bd2f-4f8f649e5572,Roger,Fields,11/15/0697,Ant
f53dca0b-b73e-403e-9666-3f3f31a31af6,Nathan,Gray,8/30/9184,Common shelduck
9dacebcd-4c50-4539-9649-c6d819fab270,Evie,Quinnell,12/17/2171,Snake
f6ff1a1a-3936-4c94-90a9-242c7a0855dd,Ramon,Victor,2/25/0400,Yak
00de6f84-608f-4162-a0ee-4c2657834188,Natalie,Parr,1/9/8211,Scorpion
983fdcb0-7b9f-4260-9869-cc24282d514f,Alexander,Lambert,4/20/7475,Giant heron
372416d5-720c-4e8b-bd15-104b9542a961,Danielle,Lunt,1/17/3279,Black-footed ferret
1ac8abce-f850-4a33-9aae-9e9dd4894d09,Trisha,Partridge,6/27/4466,Crested porcupine
c329aba7-8199-453d-ae98-a71f65c43a7f,Georgia,Alldridge,10/29/0173,Blue catfish
908d6a0b-2cca-4486-a61a-ad54174e7e0b,Phoebe,Roscoe,8/22/6548,Dusky rattlesnake
82adef64-7b09-44c0-ab40-5700bfeb1691,Lana,Vallory,8/2/2261,Kaffir cat
365e413f-4171-4b26-8278-3bbc7f4dfe03,Daniel,Warden,2/6/2359,Impala
3f33ca19-ddea-4f06-885d-c9bed8eb81e9,Javier,Drake,2/3/3348,eagle
795542df-7660-459b-b748-594296061601,Carolyn,Harrison,5/12/6990,European badger
d7b57b60-d52a-40ba-8ef4-c7a9920dccc8,Marissa,Freeburn,12/15/9314,Indian leopard
b20ff51f-930a-40a4-9369-5e13127aa059,Sebastian,Boyle,2/11/3735,Gaur
52b50d73-c0f4-412e-ac77-203db8ff5341,Chuck,Flett,2/3/7166,Gerenuk
b11b1e33-f03f-4b47-acae-6c10e3d1fcbf,Jacob,Plant,1/22/0363,European beaver
5354d17b-621b-465e-b7b0-090942749569,Candice,Knott,4/21/4946,Cape cobra
e2b82274-1490-4322-936a-4fc7800b044b,Melanie,Willson,5/3/2158,Brown capuchin
ce0a6587-52f0-40e1-9991-633817d004ae,Ramon,Pearce,6/16/2052,Galah
58c9c216-63ae-430a-af6a-0cf95bf9c603,Benjamin,Jacobs,12/25/6488,Black-tailed prairie dog
a733dbc2-c83a-43b3-b2bc-ffe3731ac5ba,Percy,Camden,7/12/3428,Giant anteater
1f81dbfb-5ab4-4769-97e1-18d36ddd0f37,Sebastian,Victor,2/23/3257,Galapagos dove
0506faac-bc5b-4556-8116-8f9004ee7cec,Benjamin,Murphy,2/17/2174,Egyptian viper
4cb10670-eb2e-4080-80a9-1ca41d471432,Helen,Sherry,1/10/7941,European badger
50c194f8-c2b5-4602-aa18-f31c532c575d,Gabriel,Trent,6/8/0495,Chestnut weaver
d7e7282a-6072-42b5-9984-a8c539e83ecd,Julian,Ward,2/5/8255,Canada goose
8c6a83d5-bc9c-4531-a7a6-90d6627d3324,Alan,Tobin,7/13/4190,Desert spiny lizard
b2fe9e1f-3982-49a4-bf84-da112be71b7a,Hadley,Anderson,10/23/0746,Egyptian vulture
1c1c21ff-1cdc-406d-9bbd-3ac17473863d,Luke,Andersson,11/21/1554,European shelduck
8b7247da-31d6-4d32-be1a-9c448977f29b,Alexander,Bennett,6/29/6079,Donkey
a71c18c1-feda-4a80-a759-5b3b0ba7bb56,Carl,Grey,7/8/0813,squid
d04ba0e3-808a-4f45-a2f1-5e22ec209d03,Benjamin,Sherry,12/5/0314,Feathertail glider
9790aacb-94a6-421c-a9e2-92849a308bdd,Kurt,Gosling,4/10/0850,Clown Fish
69d06dae-2d8d-4bb4-85df-47906743e062,Joseph,Gibson,5/3/6631,Crested bunting
615f8168-a7c0-4085-8cd8-fa9f3b66e882,Daphne,Andrews,6/27/8199,Butterfly
23e441e9-1f0a-48a1-8a3d-1249e9aa0df1,Logan,Raven,9/13/0575,Horned lark
be364000-de70-4ca5-af3b-60acd7efd2e5,Erick,Ranks,1/31/7413,Fly
81d948f2-f0f2-416c-bafb-c0c7b4b16c45,Chanelle,Ashwell,9/29/9842,Turkey
31ca0a5c-527f-4c4c-8b94-e87c38c958bf,Bernadette,Lindsay,5/4/4783,Giant heron
3b58067c-6ea2-4766-92a3-ef74eb982512,Ember,Vallins,8/17/2173,Common green iguana
383d66e3-102a-418c-9fa5-2ee35e59eeac,Irene,Gilbert,5/12/0118,Common turkey
2c6bc6d0-839e-498e-84e2-f739af052704,Marigold,Malone,4/23/3912,Possum
d0581d97-f358-46b0-ad9f-9f3259a8761c,Marvin,Morgan,12/24/9665,Common dolphin
2adf47d7-b0ca-47c6-8ed6-4cefe60144af,Logan,Judd,1/27/2264,Hoary marmot
e7cd915b-fec4-4a64-9176-526a8b9b7b1f,Wade,Smith,8/9/3168,Grizzly bear
06dbc812-1285-41a3-9fdb-6bb5c65d0b37,Wade,Long,10/23/2583,Carmine bee-eater
c66040b1-6bae-40b3-9537-36f261375470,Benny,Evans,10/5/9602,Arctic fox
104324df-6af5-458e-a03d-a6cfa8265058,Monica,Middleton,1/18/3002,Red Panda
a1e9c364-dfea-40df-8709-6a6912bd0a5a,Kieth,Hunt,10/4/8044,Chestnut weaver
d6da635b-8bcf-46ad-babd-d9c121f7863b,Teagan,Lowe,2/28/2389,Feral rock pigeon
cae611bc-b14e-4b24-bb61-ee4689d6161c,Isabel,Saunders,1/28/5715,Dodo
1b301791-eca6-4277-867a-bea847ec02fd,Alex,Clark,10/1/1934,Collared peccary
3cef2809-3c81-4984-bc75-808e1d15c64c,Nicholas,Tanner,4/19/0318,Great egret
482b1b45-f4c9-4b37-9982-912f4a35af5d,Nick,Salt,9/27/2132,European stork
3bf43e79-4b31-40c1-a700-8f8e36ac3424,Jacob,Patel,7/27/9610,Indian mynah
e334cf3c-f5df-46f3-9a0f-92bb9cdfed1f,Aiden,Squire,6/15/4452,Bushbuck
ee880348-55e2-41b5-9df3-56a840576d13,Sadie,Sherwood,1/16/7123,Gambels quail
c4d27c2c-13cd-4c6b-bec0-f535dac1e29f,Aleksandra,Adams,11/17/6657,Bald Eagle
35b9e953-07d8-43c1-b81b-4b5081a7f313,Lorraine,Shaw,10/31/4258,Common wombat
da1762d8-bf36-49b6-91dc-9dbd421eeeea,Iris,Dixon,8/29/3816,Crested barbet
0a45bea6-7838-416c-8cd5-2610e393f554,Jennifer,Marshall,4/7/5502,Blue peacock
f085984a-8de1-4092-b0fa-5f409471d801,Martin,Butler,4/2/5078,Cape fox
8482ad0f-c861-41cb-9e98-72a65f18a4f6,Elisabeth,Emmett,9/17/8570,Common duiker
628f3909-83db-43d5-96f1-7884808b81aa,Ciara,Antcliff,5/1/3340,Buttermilk snake
16db32e1-e48d-4ccd-a79e-9e5546077fdd,Carissa,Vernon,1/4/3446,Cheetah
7e806aae-d700-4c77-bc4d-bc640c53d263,Darlene,King,4/7/5662,Weasel
dcdbf178-256f-4762-97cc-bb83d659875d,Tom,Ventura,9/27/4298,Owl
18af6c2a-a45b-4aaf-bb8d-b46c4a8cb7ad,Paula,Hunt,3/23/4444,Brown capuchin
27f9a20e-3d17-4fa1-b1e7-170d40b2fc25,Benjamin,Tanner,8/3/0446,Brown pelican
a440cefc-14a9-418f-b695-bfd5814d753d,Tyler,Norton,1/26/6588,Blue peacock
5ac3fc6b-980c-4bcd-ab56-81db37b473a2,Chelsea,Welsch,8/12/1685,Bear
cf3a3c3b-61f9-46bf-a1bc-c5c8939a97b6,Denis,Hale,9/21/1069,Black-capped chickadee
e1c45121-d931-4ffa-861b-ce14eb419fad,Cassidy,Gilmour,5/29/1699,Giant anteater
58ec0138-6434-4893-96da-5c3d4a2ed249,Manuel,Ripley,8/13/2134,Kudu
27c4a86e-d460-4501-ae76-1e6d97b4eeb9,Kurt,Shepherd,12/26/7927,Collared peccary
8cf56a35-ac3d-4945-940e-7f7ae7147e17,Caydence,Tindall,6/10/7759,Galapagos albatross
ff07ca23-8c45-4d3c-895e-7f149690dd88,Roger,Matthews,1/18/4455,Kaffir cat
48561faf-7f8e-4d72-a56a-b4b14312c955,Erick,Russell,10/5/6117,Gray rhea
d00f0e20-a64e-4b02-8119-d5c49088eae9,Mabel,Yard,6/20/6816,Cattle egret
615fe9a7-6ced-469a-8b11-075d364a9fe6,Lara,Booth,5/7/1928,Indian porcupine
b5c76999-7ed0-4dbb-8889-923ef30d0537,Denny,Abbot,7/27/8087,Clown Fish
b7bcdef6-41a5-48ae-a8f3-c180f426fc1d,Rowan,Roscoe,1/23/3544,Indian leopard
ede065bb-43b0-461b-aa77-dbf72b616a62,Rocco,Coll,12/30/7218,Horned lark
f068e946-b9c7-4c96-9bf6-3d0e311ba69b,Savannah,Duvall,6/3/2095,Indian jackal
1a5d5baf-c277-45df-8fe7-256171ebeca7,Julius,Stanley,7/14/9224,Indian jackal
2c463d52-2148-450a-a5f0-6f4372a4dec6,Nancy,Khan,8/13/9842,Indian peacock
8f49f1ef-9e93-4186-9fcd-c405c03b4791,Ryan,Salt,3/15/5560,Eagle owl
95f7ab0c-0ff4-4e13-9ffe-e82892d8a3a1,Bryon,Bell,11/7/3639,Harrie
69eb6c3a-1bff-4b25-b4d0-170dadab90ae,Leroy,Bingham,11/5/4816,Carpet python
91845802-0c63-4156-a8dd-0cb7ef16e9de,Summer,Neal,9/4/6126,Cape wild cat
6603501f-7366-4dce-9ba5-a66f11770cf0,Vanessa,Vinton,3/2/3190,Boar
1f057026-a897-49df-a467-96e21318eab7,Cedrick,Durrant,6/12/9135,Galapagos mockingbird
598f143a-d1e4-4317-9c70-7c04431d9a1c,Hayden,Walsh,5/26/8947,Somali
3aa5d4d2-c998-4069-8895-f81b011c7a8d,Cedrick,Wilson,1/17/3846,Bald Eagle
3bde91a8-9298-45d3-b374-71d69464a5fa,Brad,Yates,3/29/1643,Helmeted guinea fowl
a6024754-7853-4ead-9e9a-fb7098d4dd5a,Benjamin,Shaw,12/13/9925,Monkey
a85d4dca-3341-4952-88b0-4eae04ae6ac2,Ally,Horton,5/8/8023,Giant otter
e08fe7ea-7658-41e0-9262-b3d89a257a36,Manuel,Dale,4/22/7583,Common duiker
fcbacf09-e7ad-4124-8e6f-c0ca05d3d6c8,Ethan,Wooldridge,5/30/1642,Rat
4279e238-e859-4a10-86f4-262b01e1a233,Doug,Judd,10/21/5957,Bushbuck
b80ce38e-cd2d-478d-b542-5cee0df66bdb,Sofie,Huggins,9/11/8085,Sparrow
ba9feffd-852c-43ab-891f-22b44d2edaf6,Marvin,Rowan,2/19/4524,Worm
ffe00584-8701-4a16-b96d-a10a5d4a9216,Mabel,Hall,9/21/1318,Dodo
b446dca8-505b-4412-b9f7-2baa4081a5c3,Daron,Ward,10/4/6946,Herring gull
3c489d41-aad4-471c-aae4-8d41c996f4ae,Adela,Vince,1/4/5455,Giraffe
a34a3ae0-f9df-4d90-8758-5fd581447752,Taylor,Partridge,6/30/2634,Komodo dragon
0e6063f6-12bd-47ae-a7ad-ca30bbd7d691,Camden,Durrant,10/22/5189,Fairy penguin
af8b60df-cee5-43c4-8f02-e673725538e6,Joseph,Willis,9/16/9137,Emu
95d792f0-e077-43b3-ab9e-de2dd1b931bb,Oliver,Vane,7/15/9505,Bobcat
5ec11b70-67ea-4b5c-b4c0-24318e299fde,Ron,Tobin,2/26/7635,Dassie
e72a0bdf-d83d-4120-9ad9-901130ff69d0,Mina,Rivers,1/3/8903,Impala
71015996-aed9-4bf0-90e5-c6eb1059b555,Sebastian,Carter,9/29/4780,Duck
0f032afa-7b58-4700-8677-dca7c7e17366,Julian,Rothwell,9/30/4161,Bat
dc24e8cb-3f33-43d7-889e-5a6d14446405,Katelyn,Forth,9/18/1032,Baboon
951ff92f-9b0a-4722-b94a-a9777616638c,Tom,Chadwick,6/26/9495,Herring gull
3d643dbf-4c2b-4ebf-a4a9-278416c5624e,Davina,Adams,11/9/6747,Fox
a862acd9-937b-4606-a156-2b4a51821409,Alan,Graham,4/4/1246,Kori bustard
e6f1d669-7337-4615-8026-060c164a6f2d,Alessandra,Collins,7/30/4717,Deer
8dec4787-e0fc-4f1e-9eef-87a05e85c5db,Marvin,Bell,2/27/5097,Collared lizard
89a4a3ce-beff-496e-9ee4-6ee6f4ead242,Ronald,Curtis,5/31/1119,Badger
bd8c000e-37d6-4455-95f1-b12fa9f9f83c,Fiona,Myatt,6/13/4018,Giraffe
6d01bfcb-b41a-4322-b461-88d7e40945d7,Harry,Tennant,10/27/3407,Crested porcupine
afa3e753-3a66-40c8-a1f1-2dfc9ca64288,Rufus,Bristow,1/23/5428,Gray duiker
6ff99a86-b1f5-4d6f-ac0c-2e220f104799,Domenic,Franks,8/13/1427,Emu
7c58afbb-ef8b-4d70-ac5f-890b4a647fdd,Denis,Flynn,4/23/3353,Gila monster
838fc5c3-43b4-409f-8d68-a27212b64c61,Jacqueline,Williams,2/22/9428,Common langur
b7d63439-fcf3-4c92-b73f-49e1aee865d7,Owen,Pope,10/25/9990,European badger
335b3376-771a-4bb9-81bb-99404dd011dc,Sabina,Lewin,8/13/3377,Red Panda
c997b6dd-282b-4808-b723-e0f34e12d3aa,Martha,Martin,8/26/0698,Galapagos hawk
327fd37f-9a25-4b26-8e8a-28ff2515d17b,Mike,Plant,2/10/8798,Butterfly
75bdf086-1723-4aef-95bb-2d1fe47660b9,Marvin,Carson,1/26/9394,Buttermilk snake
8159b5b5-d184-4ac6-ac99-18c21d25a85b,Manuel,Lynn,10/26/4311,Scorpion
98dcc8e0-aab1-4425-9df9-c32bc97f3c90,Domenic,Pope,7/14/5065,Gerenuk
c139382b-e118-4e65-96c3-68e20c172c32,Tony,Mullins,5/21/5240,Mouse
c021e17e-d77a-4df9-9589-901fde8d4bd4,Gil,Carter,5/25/5955,Eagle owl
49439a5e-484f-4551-9ed0-81ffa6654bee,Martin,Rossi,12/5/9847,Eastern fox squirrel
b49f206c-33d4-4d7d-92ae-574709073e70,Harry,Wright,6/18/0475,Seal
b63bd58c-2451-4ae6-bf93-4493de4678cb,Doug,Smith,6/28/4534,Vampire Bat
8dc23dae-b47d-4199-a2f6-aff9b405c98e,Leslie,Thorpe,10/4/9925,Coyote
0a66f852-8ec6-4bb0-9f59-7d1d74c0f875,Vera,Hammond,6/14/3195,African lion
3779dc8c-8e3d-4cd2-bfe6-14f6623bedbb,Logan,Faulkner,7/5/7561,Koala
c175c422-368b-4e30-b8f0-46d4c7307081,Anthony,Harvey,11/4/8593,Sea Elephant
f5376f13-acfc-4375-9268-59d31a1e92ec,Benjamin,Nelson,10/15/0796,Fairy penguin
2e825f54-9db2-41d7-8105-a7fa7625c34e,Esmeralda,Harrison,5/28/6043,Black-footed ferret
59954b9a-a18e-4635-aa8f-0dc7db96c33a,Juliet,Wilton,9/17/8905,Dromedary camel
d26bc8c8-6572-4bbf-a0ee-314ce0685385,Carter,Styles,11/17/9946,Snake
6d15ae0d-8717-4c84-86c0-49365691aa82,Lexi,Mould,9/4/1912,Brown hyena
dbaa70fc-c354-4b94-b652-14504876d909,Mike,Roth,1/2/5668,Alpaca
b2d71555-b287-41b5-8f52-5f070e74e2f8,Evie,Locke,12/11/9631,Baboon
7b5ffe70-9ac8-4acc-bd1b-e0ec18d0f20c,Chadwick,Irving,7/8/2190,Gambels quail
a07f55ac-5fbb-4593-9a00-191050c17be5,Hazel,Nobbs,7/23/0715,Wolf
2ccd4566-f0d2-4aa1-b517-f3e844149d8e,Havana,Walsh,2/25/2364,Blue fox
44f61281-bfe8-4e6d-bb59-939737469728,Russel,Ramsey,2/23/1862,Herring gull
ceddf97d-13d3-4068-8334-91ee9a8fbd6e,Bethany,Thorpe,4/29/5311,Carpet python
dd6c438d-7f69-411b-8a44-05cce2504c5f,Percy,Hunter,6/16/7103,Ferruginous hawk
9d0af782-a0f8-4d05-bd48-d53d6df51086,Adina,Cann,12/22/2693,Golden jackal
1b923e18-89b5-44b6-8e74-02a4acf0a5af,Doug,Gray,1/4/0609,Lemur
df226c3e-7974-450d-829e-8fe9a5fd5a48,Ema,Walsh,4/1/5149,Collared peccary
ba28b9ca-bcf6-4681-8003-4a87434c589a,Rick,Cavanagh,6/9/3746,Crested barbet
8933cc5f-567a-4bc3-8d39-ebde306fce84,Michaela,Wright,11/14/4926,Common seal
128bd074-b025-446d-8f75-1f9ae8826903,Oliver,Yard,5/4/2706,Common green iguana
04085134-0f8d-48cd-8a77-641fbba6b6b2,Johnathan,Gilmore,2/28/8216,Worm
8b75b8f4-fda1-4304-9780-c2b2d6b145e9,Destiny,Rothwell,5/29/0184,Cape cobra
95c7ece3-0db2-4e9b-af43-fd6ab2fafb8f,Caleb,Whittle,2/21/8851,Vulture
4b318a98-e6fb-4210-b19f-6481640c9407,Hayden,Drake,1/3/5525,Hanuman langur
a6044816-ea84-4ab6-ac5b-7cafb71a10ce,Julius,Saunders,2/13/7787,Brown capuchin
8a1c05f1-96c6-4651-94ca-c8502d90e55e,Carter,Tindall,4/21/9821,Sea Lion
f5ceda8a-108d-46d1-b632-784b204ca2df,Dasha,Whittle,4/17/0578,Dog
a6dc650d-5405-4d14-83b3-b4e216306544,Erick,Chapman,9/12/1387,European red squirrel
f6e01fb0-6f77-4a6a-837d-5c54b710814d,Mya,Nash,11/4/3944,Ferruginous hawk
af0269fd-68be-4d9a-9187-589ee4959974,Ron,Wright,9/15/1761,Deer
e64e6fa8-2ebb-4a1b-b2ab-abd590ed00a9,Mike,Swift,4/4/6460,Great horned owl
801a5900-b36e-4ec0-811f-86f245e58940,Clarissa,Nash,8/31/1387,Common genet
70f15a99-7df0-4f84-a22a-884af26972e3,Belinda,Lloyd,1/3/7759,Donkey
e74dd272-5e46-4cfb-b622-67686027727f,Julianna,Shepherd,8/31/4323,Downy woodpecker
1fceae09-24fe-49c1-ba76-6a31eb4afa36,Barney,Pratt,1/9/2899,Galapagos sea lion
f91df4b1-1183-41c8-ba35-770a7a899866,Denny,Stone,5/28/3013,Horned rattlesnake
ae1e8d25-04d7-4d69-b8ca-768798e75998,Harry,Phillips,12/9/5893,Fat-tailed dunnart
9d51227f-3860-4db6-b50b-991eb263e869,Leroy,Stevens,10/27/9413,Emu
05e762bb-f102-4197-976c-68b9deaf5d55,Harvey,Chappell,6/9/4284,Common duiker
16871ef7-3d79-42cb-9dca-026ab989da5d,Macy,Freeburn,12/3/7308,King vulture
c202a8c2-78b3-42cc-826b-b1ed21b1f2d0,Lara,Squire,10/1/9906,Common wolf
e17c0cca-86bd-4027-ba21-c6eac69ca3dd,Maxwell,Wright,9/30/6839,Eastern diamondback rattlesnake
fc17a6d8-f89d-453f-be61-b94ae6030290,Bart,Mullins,3/4/0790,Groundhog
57005689-5081-43c1-88e5-b63246c96541,Ramon,Murray,3/28/7567,Antelope
f87c5091-80f6-457d-9650-08ef127b22ff,Julian,Irwin,5/10/3192,European wild cat
76728bc7-460a-4a3b-8f02-2d7ea348fc6d,Daniel,Slater,12/14/1761,European shelduck
21e4ed8c-a9af-4689-a190-e3ea8c88cb90,Jayden,Simpson,11/30/8470,Giant girdled lizard
e642c5e7-196a-41d2-be67-d4aa92fdc2bd,Domenic,Amstead,6/17/2147,Common dolphin
73abf0cb-fb65-4749-bba9-a7d04d4ec0c8,Anthony,Yang,2/25/3801,Red Panda
9da96d5f-301a-4c80-bc30-88d086e5bffd,Anabel,Lindsay,5/13/6879,Weasel
569b1129-49d1-4c7a-b3a2-3390cf5cd7ed,Mavis,Kelly,9/25/4718,Ferret
bbf5fb5a-d9b2-4945-b533-203807480802,Clint,Cameron,9/17/3513,Weasel
529072fa-227d-4250-963f-334376bbb75a,Hayden,Willson,12/31/6086,Sea Elephant
ac64ee97-dee6-419e-9a39-88f885d3409c,Manuel,Pratt,7/26/3814,eagle
59f1aef0-46ce-453c-86b1-8e702a8360ed,Renee,Mitchell,5/9/0264,Leopard
66c0674b-034a-4152-8a36-207ebfe7a058,Ethan,Raven,6/2/3473,wasp
def4c549-1286-4991-9991-78466a86d0f5,Henry,Ogilvy,10/26/2232,Bear
676f8b03-be3b-4ae7-91ad-e434aa81e200,Bart,Paterson,6/21/8853,Common duiker
98692795-8646-481c-9a3e-f32f0a78b9ea,Wade,Lewis,5/1/5135,King vulture
228deb14-f025-4e86-b6cd-daa2a407865c,Johnathan,Eddison,11/26/8398,Emerald green tree boa
a640cc31-4304-4e48-a2ca-35aa61b94207,Tony,Taylor,8/14/8141,eagle
dc264442-1e18-49ca-b619-d7bfd18eefeb,Vivian,Clark,2/15/7654,Great horned owl
bc2ce5a4-8338-4383-aedf-91d7352beeb0,Mara,Moore,1/31/5654,Helmeted guinea fowl
b3dc2dbb-aeed-484a-84ba-70b7301eaffb,Clint,Randall,12/3/5085,Emerald green tree boa
fe2a1a62-034e-453f-8c98-858170c5323b,Kieth,Anderson,2/16/9364,Brown pelican
828d8cc7-61e1-48ff-ba7a-c531b75297ad,Doug,Ward,7/30/8594,Kinkajou
0833a1a0-7d82-4646-9624-09ca3965f28a,Kassandra,Milner,3/27/8843,Komodo Dragon
30789c02-8f55-4059-9872-1bf426c6d33d,Rihanna,Jefferson,3/10/6680,Fisher
2cdbcd3d-50a4-4b59-a818-08e8cd32d988,Emery,Alldridge,8/18/5795,Great horned owl
4ec15baf-aac2-4455-a48a-600f846ccd69,Phillip,Ellison,9/25/8685,Cape Barren goose
27b98b58-4ac0-43d1-b11b-945e5202cc5b,Marvin,Skinner,8/30/4768,Bat
56986080-ac11-40ca-b7d6-a5d9c59b1cf2,Belinda,Payne,4/15/2450,Caribou
480d6896-a389-4c88-858f-26ad44f6e0d2,Nick,Eagle,3/3/8268,Golden jackal
4081582e-6680-452b-9ea1-f37f47dff136,Candace,Rivers,11/9/7063,Dama wallaby
415b790e-77b7-49d8-a5f4-8cde281a2a31,Luke,Oswald,5/11/2774,Fly
19bf816c-6e1e-4e57-9c25-a3e7e11b62ce,Janice,Lynn,3/24/3862,King vulture
13ae5777-6224-450e-a06c-35d1c7ddd73b,Chuck,Bullock,6/17/1517,African lion
9ba5bfc1-7468-4090-a40e-7a0a65eb6b12,Ryan,Ramsey,8/2/1990,Wolf
0d35b8ee-65da-49d6-b58a-28552e9d59f1,Carter,Dobson,1/2/2503,Cape fox
b65fafe9-7350-447b-8074-333ce8d4e8f8,Caitlyn,Booth,8/23/9764,Giant girdled lizard
31677b2b-4c06-4f60-a938-851707a3e505,Percy,Noach,9/1/3903,Eastern diamondback rattlesnake
8d9e8133-2f8c-4b91-a322-d6a574ccb1e0,Alexa,Ellis,12/18/7575,Horse
0feeb9e7-2ea5-4883-af81-c2e65688b520,Alan,Pitt,1/18/1041,Ibex
0a0d93b0-6f48-4abc-8096-da47ab128666,Tyson,Pierce,8/14/9831,Worm
4e27f001-a2dd-4be6-aeac-72b05c845829,Tyson,Rowe,10/2/9018,Jabiru stork
2775d474-8c5f-402f-ab20-d65ffc00e4a4,Olivia,Nurton,1/30/0805,Kaffir cat
1dc97353-5b78-4e4a-b17f-db6e4001cbb4,Russel,Terry,8/23/1587,Javan gold-spotted mongoose
d20daeb5-4f67-4327-9684-5a7060bd18de,Nancy,Abbey,5/14/3147,Weasel
634c7410-796c-4def-ac3a-1e50c5acee4e,Charlize,Cavanagh,1/18/7263,Jaguarundi
879ae879-b5a8-42d0-aa08-5c45a3ed5418,Clint,Ross,1/17/8491,Hippopotamus
c81de332-a496-4103-8b1d-0a018a022f1a,Maxwell,Wild,4/28/7821,Huron
55cf31b9-40dc-4d8e-b661-7caa2ae5f0f6,Kurt,Clarkson,10/8/6549,Comb duck
c29b378c-6147-4bf9-a959-eeac3693565d,Gil,Fox,7/8/2202,Caribou
32d17254-e07d-4b9c-9cdf-9d47620ad467,Mark,Ashley,5/12/0707,Kaffir cat
1d676b9b-d147-4221-9b8a-bd278190614a,Carl,Buckley,9/1/2206,Sparrow
672f8bde-3f89-4441-abb9-8dd37e956115,Caleb,Moore,2/26/5423,Blue fox
9382efed-8663-4633-8ff1-68f65d40163f,Carl,Herbert,6/29/1769,Fox
b28b3903-9e46-4a47-b486-afbc83492290,Jacob,Forth,3/27/8317,Indian peacock
6daeedc7-9810-4852-b852-19f054ca3e96,Benny,Martin,5/4/3603,Indian star tortoise
aa4ec038-5d2f-4198-9128-bcbcc3c88b9d,Leroy,Spencer,1/31/0135,Catfish
da2e34f2-5164-4990-a39a-38603c6cd2ba,Julian,Ring,6/5/3136,Eastern quoll
e3c7a6a4-ba31-44c6-9144-a650c9bd08c2,Carol,Robinson,6/23/7297,Helmeted guinea fowl
66288d7a-b341-4082-bb32-6153f9def5bf,Gwen,Norton,8/28/6254,Wolf
14b88f4f-709a-489a-8810-65e61ad73cc6,Rick,Asher,9/28/5335,Caracal
40fac614-5dda-4fe7-ad6e-140b5ddb6504,Kassandra,Ulyatt,11/13/6682,Penguin
2e351f32-6a2c-4632-a836-e7e2f66d890b,Christy,Herbert,7/18/9248,Gray langur
799c428f-f45d-435c-9ec3-3db3434e8952,Martin,Knott,12/25/7310,Gray rhea
b92277f1-af5e-497e-aff3-7350aca6c29c,Vivian,Coleman,8/8/1200,Arctic fox
c53044b4-427a-4fa4-9fbe-28256a66da74,Helen,Greenwood,4/9/5846,Dalmatian
36f1bb5f-45ba-411b-85c9-4c3b8bd67965,Brad,Burge,11/24/1458,Desert spiny lizard
395c7d14-f9fb-483a-ac88-e679afa2008e,Drew,Woodley,7/3/1579,European stork
7a9c5ad2-e21a-4175-98eb-70e4f8d3a12e,Liam,Roberts,5/11/0531,Donkey
f42a7601-54d5-4202-b1b5-59affb91f009,Courtney,Pitt,4/23/5432,Cattle egret
7d0af7b5-0e07-484d-811f-9d842f2a5969,Anais,Aldridge,6/1/1631,Crested bunting
37471f34-413a-4e68-a24a-792794637402,Bart,Vincent,7/29/8836,Cape Barren goose
1afe4f7c-d1cd-4c25-bf2e-39c8bc78dac6,Brad,Warren,5/31/2835,Common pheasant
784659f9-f4ab-4bf7-aea8-72ca7fc8d408,Wade,Andrews,11/21/0618,Common wombat
3cde6e53-d66c-4ab6-affc-31c50696a156,Dakota,Reid,9/24/1791,Gray rhea
af06dc06-2116-4aae-8b68-5278784d0775,Hope,Robertson,3/25/4441,Antelope
dabe32d8-3ee8-42e4-a9e3-690e6705ac1e,Olivia,Mitchell,2/14/2563,Calf
fdeba0e4-d421-4c0f-9fe1-7bdea5c9c468,Maribel,Summers,7/3/2987,Impala
e512cff7-e838-43a4-a7ed-afd5bc83dd92,Martha,Farrow,7/31/4035,Harrie
bf2cbd88-78cb-4fcd-ac2f-f13af9792673,Noah,Styles,9/7/0239,Frilled lizard
52270c5a-b44d-4aa0-b6ba-fa811510ef83,Judith,Lyon,6/2/2076,Helmeted guinea fowl
d4bcf5a7-1a2a-409f-822d-17ef7e694bff,Kimberly,Hammond,10/10/9697,Galapagos penguin
01c9c272-b92f-4065-ae98-75bd9b20c042,Mina,Archer,6/19/5853,Glossy ibis
abc2603d-a16a-445c-97f4-94caaa6351e2,Leah,Ulyatt,5/8/0149,Scorpion
d0820d39-0c70-496f-ba6e-0603560165b7,Esmeralda,Broomfield,4/15/2848,Common langur
e3bf7fd5-6acb-492d-9323-e57891e13b1e,Miley,Tanner,11/16/1217,Jaguarundi
28bac602-d1ae-4914-b578-985cca32d025,Melania,Pitt,5/16/7847,Honey badger
d27023ef-01ea-47e9-b84e-d02c06386d44,Candace,Richards,11/17/2047,Horse
c4575a61-59e6-4a75-883f-ce76e3d9c762,Kurt,Gray,4/11/8606,Eastern fox squirrel
6184dce9-2ce2-40d0-8296-f8c785e3770b,Tess,Purvis,8/23/5604,Bat
123c5fd0-75de-4603-9de9-0b2647983cf9,Tyler,Jobson,11/20/2300,Wolf
47ce3afd-835a-4550-a59a-71958f47e52d,Shelby,Nicholls,11/17/0962,Galapagos mockingbird
af356a26-4a6d-42f6-8427-f0b51dcc9904,Allison,Steer,6/2/4465,Gray heron
313f07d1-0122-4071-81a0-01fadd564df4,Erick,Moore,10/6/4914,Common wolf
e4c6a820-9849-473b-8d6a-11624add3bd3,Rick,Ianson,5/6/3579,Jungle cat
95c724f3-37c3-451f-a99d-af4b802ec101,Macy,Parsons,2/1/9591,Galapagos dove
3cae8342-d349-42a0-834d-cb57f50132c0,Ember,Tobin,2/7/0485,Four-horned antelope
dbfbf206-03a1-4c72-aa15-cdfe45397407,Caleb,Morgan,9/11/1557,Toucan
11e3057d-4836-4b9b-ad25-9e60cf1d6877,Fred,Reynolds,10/23/3710,Great egret
24f45998-402c-45da-8ee8-7ecb8e9fae30,Rachael,Glynn,3/13/4099,Collared peccary
60eff721-258b-475c-a5d0-4953a7333fcc,Andie,Uttridge,9/29/8113,Chital
c1b1866f-f118-42f3-b9dd-ee5bc0b50a67,Maya,Gibson,11/26/9605,Wolverine
5224ab49-c27e-4f19-8942-dc9aa059fb3b,Danny,Dale,8/29/6818,Chacma baboon
c8d33577-f6d7-42df-9189-969c0214f3d4,Joseph,Vallins,5/9/3889,Ferruginous hawk
893216d8-7313-48e4-a6b1-96746fb70df8,Peyton,Stone,2/18/2069,Yak
fc24a222-f974-4079-8eed-37e061e813c1,Chuck,Howard,4/17/4479,Egyptian goose
fd846306-dcb0-4220-908c-3d400c74ec3e,Ivy,Cooper,10/3/1472,Galapagos sea lion
86247faf-cc27-4d0a-bae2-d3d2454d5e58,Elijah,Hooper,8/24/5856,Great egret
9dbae215-2872-4ca3-93ce-e05c81c757bb,Destiny,Edwards,5/27/4541,Ferret
68fde826-9885-4e91-a761-bdd382a568a7,Gil,Foxley,5/3/3368,Frilled dragon
4121bd72-8b4c-4c0d-8e3f-c760b3664807,Elijah,Cassidy,10/14/8133,Duck
6fec253d-acc7-4f39-8b69-067a20b3ab4b,Domenic,Alcroft,6/4/1204,wasp
bb56999c-d29c-4e6b-abdc-6d69809147e2,Eryn,Bowen,10/27/5010,Gerenuk
9940525e-6a75-40aa-8790-5928f893ecad,Mark,Thomson,9/2/3177,Gerenuk
e38a2e99-45ec-4c04-8e5a-93087e86a868,Stella,Baldwin,5/24/3090,Common zebra
4f821f19-454c-48a1-9fed-269678a542a0,Lara,Jeffery,6/25/1134,Black-capped chickadee
e96e4a65-92c5-499f-b16a-168847fb7c46,Julian,Armstrong,1/23/6856,Kinkajou
7f15d6ca-47a9-4db9-91f2-53823447b6c2,Roger,Ventura,1/24/9341,Eagle owl
11db3bfb-520f-4979-bcd3-be82c7624c00,Valentina,Ebden,2/27/7343,Eastern white pelican
e0af571f-4960-4caf-b1b9-a569d1bc84ca,Jules,Penn,4/24/2212,Brown lemur
e6679061-1936-4e54-a6f1-3a27b7eed0f5,Nate,Poole,11/10/7322,Helmeted guinea fowl
3c8e6442-818a-48cd-952f-80c022b804a4,Sarah,Ranks,12/22/5056,Horned rattlesnake
854d305f-b253-4c35-bd56-d636af2d98a9,Liam,Leslie,3/28/4841,California sea lion
79f4ef1a-c140-4c41-b800-43f8f91398ab,Carter,Jackson,2/25/8626,Eagle owl
541682f3-b75c-4db8-964c-23814776cb37,Trisha,Bullock,3/17/4962,Swan
82fc39be-3fa2-450e-b2a1-004b8e3ad5de,Barry,Yarlett,5/11/7249,Great egret
978ea5b0-b21a-41fe-8653-b8ba9bac0340,Domenic,Weasley,12/28/9482,Bush dog
7cdee12a-ec97-4922-a4c3-b0f46f9034e5,Chelsea,Parker,8/21/9983,Rat
0b2702bc-57c4-44f7-83f6-61edf769e502,Mary,Potter,12/23/1485,European badger
b14d9946-2ff3-491d-850e-2d3bc74068a2,Bob,Vane,1/5/4992,Calf
e15399ab-f121-43f6-8e09-05a8da5454a8,Miley,Lewis,2/8/0556,Frilled dragon
1fa6b80e-2447-470a-b110-6f4766f9cc13,Chadwick,Styles,12/25/2803,Huron
34f70b74-1133-40ec-b706-3faeebdf01e6,Nina,Emmett,9/3/8561,Gerenuk
5f29bc65-17ca-4e67-91fb-6163c5e9c588,Esmeralda,Holmes,11/22/6215,Brazilian tapir
e503a599-6e47-45bf-bf3f-52e36bfbd4cb,Benjamin,Lloyd,4/25/8650,Dog
5fe0ee67-052a-42a8-aef0-f1052c1ba103,Cedrick,Zaoui,12/25/8335,Clown Fish
794dd717-34f1-42d7-8fef-b15838b62e6b,Nathan,Reid,4/19/4350,Red Panda
9f532ab8-c54f-465d-96e0-835e18f14f5f,Lorraine,Widdows,3/24/9100,Puma
ea8704c8-c6b9-486d-88f6-a4b76a8fe583,Johnny,James,7/15/6682,Hippopotamus
40abf7db-91b7-4512-9991-fbeb503bc93c,Bryce,Wilcox,5/7/4387,Alpaca
068a37f9-15f6-4f1b-98d8-703134433496,Tess,Olivier,7/20/7621,Feathertail glider
e058ab0c-0aad-4c76-a979-74bf720a8621,Makena,Dickson,5/16/7386,Ibex
f76a80ff-8b9e-4efb-a902-dd9b076e5618,Macy,Mccormick,4/25/7798,Chestnut weaver
3570caf1-699e-47b7-84cf-62f9a801f0cf,Sydney,Fall,2/3/9610,Fat-tailed dunnart
ef0e3a54-87c9-4845-be4c-1b6259796055,Melanie,Neville,9/12/0143,Desert tortoise
bc666b2d-7e29-44c3-9ad1-7f8a868be2ae,Macy,Notman,12/18/8716,Great kiskadee
650b30bf-d68b-477c-b98c-20b90181ae7b,Kurt,Vinton,6/8/6822,Blue wildebeest
65696e85-1600-4f46-9c11-08bfc4d05140,Johnny,Stark,3/23/7941,Emu
62c2da6b-70ef-497f-90a3-5682dbbad132,Estrella,King,4/25/7450,Gaur
878a3007-6e59-4974-931a-c3d1ad961a01,Remy,Widdows,3/12/4301,Toucan
c41fc8fe-b316-42a1-aa93-9f3cec0747a8,Gabriel,Gosling,11/13/0529,Brown capuchin
77394864-615d-42d2-98db-91a1b0c73559,Bob,Farrant,4/29/0271,Sea Lion
8a7d984c-9f04-4d4a-8238-aa35bfb182c0,Elle,Clifton,9/18/4687,Falcon
e3817b8a-af85-4d08-be45-13c54448b094,Ally,Kelly,3/1/2677,Downy woodpecker
102e016c-1def-40c4-a2f6-bec2183b3f02,Rosa,Purvis,1/15/4372,Catfish
c2213350-430a-40ca-ae87-d667b7c876aa,Clint,Wood,6/6/8501,Giraffe
28263644-0ecf-4422-81a4-bf32cfab797b,Martin,Myatt,12/17/1758,Eastern grey kangaroo
fd0c9f7b-e934-4176-8c46-bd8932132459,Mayleen,Downing,3/23/8937,Puma
056e503f-743e-46d0-a350-f49bca32d54a,Aiden,Nelson,5/19/5632,Horned lark
65d87750-87b1-4114-8050-593592f457f3,Marvin,Blackwall,12/7/8120,Eurasian hoopoe
6a0ece21-c6e0-4d6e-af97-e57d0952e232,Winnie,Davies,8/10/4298,Worm
f3a241f6-a217-4036-83f6-8df8c571b905,Carl,Seymour,7/10/2041,Boar
8eaddb47-97a7-4c31-9853-cc3551ec83a7,Sage,Andrews,1/18/6999,Common duiker
fca4103c-2f1d-4f78-abd2-fa203f2eb26c,Livia,Exton,1/24/1775,Kori bustard
de1ff087-a53d-45ef-8d41-6b4447e10d6b,Marjorie,Wood,5/21/6364,Blue peacock
0039a374-0e79-4cf9-9e7d-44ee2f560127,Bryon,Fall,8/30/2363,eagle
5578b1f1-7b7b-4b83-8d4b-cb459c0bb253,Alma,Coll,7/8/2555,Collared lemming
ae421798-0bc4-486a-95f6-26dd3bab050b,Bart,Harrison,12/21/3316,European badger
1b12e6e5-1b33-44df-a065-b32806b0c309,Anne,Jenkins,11/8/8373,Zebra
70d36cec-27d9-45c4-9fd0-91b1eebc90df,Leslie,Cowan,1/20/8178,Bald Eagle
f86becbc-c53a-4d75-b172-328747cc9057,Margaret,Collis,3/11/4151,Baboon
888edfe3-f773-4110-a111-4b6585a79dbd,Martin,Glass,6/12/0260,Fox
58f92156-9ec0-4a5b-b56b-c0397b591fe9,Mara,Yard,9/23/9691,Arctic fox
2eb70f40-bbcf-4760-88cf-499953c7a395,Ellen,Ward,4/15/5803,Rat
d72156c3-73b9-4832-9ece-cc1ffc6a87db,Cherish,Gilmore,4/28/3119,African elephant
4357f7d9-ca5e-4da2-bf33-7e2821001014,Alan,Bradley,11/16/6091,Giant heron
b17caf7c-021d-4fee-b635-a6458ed0a5cc,Raquel,Dempsey,11/17/7899,Harrie
c551a6fe-725d-4b92-9b5e-dd0db98fe1b1,Mabel,Hewitt,11/16/7842,Indian giant squirrel
020d55af-20c4-4eb9-a5bb-8fded3aa4448,Luke,Grady,2/4/7723,Dusky rattlesnake
d717b0e5-e090-492d-989d-c85b1debeb10,Emmanuelle,Eagle,6/26/7454,Huron
634f7fea-4a70-4a84-bd73-e50c85890ddb,Marilyn,Newton,8/8/6538,Gray rhea
8419155e-5147-4c93-98e1-f8f28bead063,Ron,Riley,12/24/0897,Shirmp
78fb717f-4c5a-459e-9d43-bb982593fd19,Harvey,Chapman,7/21/0954,Great white pelican
d872d1ba-6553-4db7-8310-20c6916ef925,Logan,Oswald,4/26/8498,Cape cobra
23af8662-12e5-46a8-80af-526f568c36ce,Jules,Bingham,8/29/6851,Bushpig
8aa47d06-f136-46b4-af5c-3dbaf0c7a30e,Kieth,Stevens,6/26/4663,Vampire Bat
3885bc85-06a2-420f-bced-de7f474a373d,Skylar,Niles,7/24/8972,Zebra
7cb4c434-f94b-4011-be6a-abb6e918532e,Maxwell,Evans,11/15/8021,Eastern cottontail rabbit
14000b69-b2be-457b-8435-ce0c55f5836c,Julius,Pickard,5/15/1501,American buffalo
6a9222ee-d507-4324-898c-bc53d199ee82,Brad,Walker,7/1/0368,Fossa
2f9606a1-9c2d-49da-b442-57953d037184,Destiny,Ashley,11/18/0182,Penguin
991efd01-9c7c-430c-982e-8812dd352d14,Hannah,Poulton,8/11/9146,Gray heron
de6712fc-60fd-4e88-8710-6bdf88d9684a,Candice,Oakley,9/23/8107,Downy woodpecker
711268ef-43e5-4251-83a3-1d380822fa21,Bryon,Edler,8/10/3328,Penguin
b6a8a04f-c71b-4b1e-b434-2ae287c79629,Isla,Ross,5/31/0028,Giant armadillo
a09f836d-bc91-430a-a520-f6c75bc70903,Samantha,Sherwood,2/20/6452,Wallaby
e40fb98a-ae22-40e4-866e-c1101c263b83,Tony,Martin,1/22/5611,Harrie
c9bf3aa8-b09f-4543-8ff3-55f0aca7eb22,Margaret,Connell,12/5/8987,Worm
b827d3bb-1504-40d1-b06e-a3b247c34df6,Hayden,Blackburn,9/30/4555,Golden jackal
237c427f-5951-4cd9-b0f8-d7ef4de5cf1c,Percy,Fenton,6/9/0308,Gray langur
1381e4b5-8082-4539-8f87-193a1bbf7892,Maggie,Huggins,10/1/0258,Frilled lizard
b58fd0a6-ba65-443d-ab37-e5f18e662e94,Russel,Ballard,3/8/0431,Eurasian red squirrel
b679d34c-70c1-4b89-9126-85ec8bc24778,Bob,Johnson,2/4/6895,Bear
8686d46f-ce15-43d0-a761-9bef8d77a124,Aiden,Smith,1/17/3129,Grizzly bear
9c2eff5d-a3ec-4418-bd5d-a2fdef7a900c,Sloane,Mcnally,7/23/8506,Crested porcupine
7170091d-827a-4efd-b93d-8a51cf65e548,Lucas,Drummond,12/26/7757,Eagle owl
ed197ce2-7fce-4098-b3cc-a401a509c6dc,Bob,Ellison,10/23/7426,European shelduck
8e24de4a-032e-4296-b092-d6ebf34ae8a2,Jade,Aldridge,1/10/5661,Helmeted guinea fowl
2de3eec8-8c8b-4b6d-abe9-7e2971d405a7,Bob,Walker,1/5/3673,Canadian river otter
18137876-d943-4751-b6a9-ad36c41b868d,Nick,Vallory,10/15/6739,Hottentot teal
1a2e6930-4665-4934-b32e-f90a4a828542,Lillian,Raven,2/17/6242,Jungle cat
47d8ed7d-396d-42bd-bd8a-26a681b24a33,Rosie,Archer,7/11/1052,Sheep
dd586d12-4ac9-46c0-aa9f-cca692d62e96,Henry,Vane,7/20/6361,Huron
bc941cc6-30ec-4d7d-b4fc-f44438f936b4,Zoe,Quinn,8/20/1890,Great cormorant
397487e2-7470-4976-b3b2-712399b5b2b5,Estrella,Wright,9/14/2365,Collared lizard
0e0d4f46-a159-48e1-9bc7-f1da404e2cd2,Rick,Dickson,2/6/8852,Frilled lizard
f52df7e6-6656-4230-aaba-d8b243d6d877,Adela,Collins,10/23/9624,Egyptian goose
a6e26176-c60c-471d-befb-1373ec054842,Ron,Robertson,7/19/8162,Snake
1cf6180b-e06b-47b8-ad3f-bcaec9a2c66e,Stacy,Harrison,8/10/4292,Dama wallaby
949c5326-9e19-4f5c-b567-f062b4094be4,Daron,Neville,7/12/5260,Buttermilk snake
3b1e2a69-494f-4de4-9667-03f57d5a2fe9,Lana,Oakley,8/16/4969,Mouse
7d76b9d7-01fe-46b9-98ae-3859d15be57a,Nicholas,Blythe,2/14/8784,Japanese macaque
fdf5b800-1fa5-40cc-b697-3a91a30a1527,Phoebe,Hobson,5/11/7437,Giant armadillo
98074849-e863-49d7-b994-59aacc62d354,Taylor,Pierce,9/1/2533,Collared peccary
9e3b8f1c-139e-4b43-ab96-ab0a04b920bc,Benny,Riley,5/16/8958,Gray heron
4db43344-8c0b-41a9-98bb-707562f2934f,Phillip,Eyres,5/22/1199,Indian star tortoise
0075d9bf-f289-4b32-8dd3-9a01660fb188,Leanne,Kirby,10/5/0897,Indian star tortoise
01b10b4b-7346-4609-82e0-ee1f48480562,Percy,Mcguire,12/25/0313,Dama wallaby
d43873a5-6c0a-4fdd-b43b-b36691ddbbef,Domenic,Owen,4/22/4031,Impala
97b1697f-a7ec-49e6-9560-533782186104,Alma,Buckley,6/23/0822,Gray heron
b27a309c-5292-413c-9b82-2c05cbf64fbe,Benny,Taylor,8/6/1428,European badger
3a910d22-e8ff-48d4-89b5-9c4a161b97cf,Sebastian,Douglas,2/22/6217,Horse
2f3d7cde-dbc1-40ac-b163-1444a26a609b,Mark,Bloom,8/5/2842,Dalmatian
c7b21859-c28d-4743-a2a2-e6dfed868a02,Noemi,Jacobs,5/21/1554,Greater flamingo
699ebb85-4061-495d-8b6b-e2ee2df93715,Rick,Rees,11/23/9400,Ferruginous hawk
fe9be7cc-e62b-47e8-95c1-4d546d62a882,Ivy,Wilde,1/19/3642,Indian giant squirrel
1d6ff36f-6019-4794-a2e7-b13855c543a1,Rylee,Gavin,8/27/3651,Hanuman langur
2a328df4-1f37-4c03-ab1e-cb2fe768e31c,Doug,Dyson,7/19/5362,Blue catfish
12804f1d-26e3-4c76-a67c-206493e6cf39,Sharon,Zaoui,7/5/0043,Sloth
5289a096-38f4-4d80-94b4-1cde3b2e025e,Brad,Hamilton,6/9/8104,Bush dog
ee6e3065-5077-40a1-926b-28b0c0354f83,Alan,Mooney,7/19/8666,Caribou
808dc594-a53c-40fb-ba19-9732fec6b581,Mason,Marshall,8/27/8459,Eastern diamondback rattlesnake
406da3b1-bf47-449e-96d7-fba482cb2476,Mason,Horton,9/22/0677,Gray heron
915ff2a0-4f76-4a5d-9a06-d7dff66e9f2c,Peter,Dubois,7/28/9660,Common seal
f4853b3f-f8ba-4a08-a2d1-b828cdba6631,Chad,Denton,10/13/9592,Falcon
c4272cc2-2d46-4047-a669-fa44ed71d259,Chuck,Jarvis,8/28/3880,Chacma baboon
722a4a68-9c11-43ee-8c5e-53ece32e6c5a,Rocco,Emmett,10/24/8868,Cape cobra
d67b2bcd-37b4-4ba5-80ff-d53b2b9231ca,Sebastian,Emmott,10/19/8991,Swan
78f75834-4748-4ede-88b3-2515a744723d,Tony,Greenwood,9/30/0522,Kiwi
3d5b1cd0-318c-48f4-809c-20bfa3431fe6,Deborah,Holt,2/24/5528,Bush dog
746909fc-fbf0-4e7b-8527-2b1ddbe6abed,Jacob,Vince,2/16/8004,Seal
314e2b46-0023-4b88-9558-2061c654fb03,Sasha,Yang,7/6/0600,Giant girdled lizard
3a862dc9-8d71-4d58-b7b8-82290d94c90e,Liam,Dixon,2/18/5976,European spoonbill
f7997596-3577-4187-8986-09529a8f68b7,Matt,Hobson,9/1/5181,Common green iguana
51673e3e-d768-481b-967a-f58d5d23d640,Tyson,Abbot,2/24/3270,Lion
a6ecfeb2-ab92-469f-8e5c-e3585896f0c9,Ethan,Archer,11/23/5788,Sea Lion
82368158-0292-41b2-beca-00a5f76ffc94,Sabrina,Todd,3/9/8960,Collared peccary
8251a2db-9c28-4c6e-b803-252293657d00,Alma,Oatway,9/12/1956,Grizzly bear
1e4df6dd-b717-4172-801b-dbf6c088abd7,Jayden,Leigh,12/15/2249,Ibex
1146a569-35ea-4437-babf-ed8da6d88588,Alan,Rust,5/24/8924,Bald Eagle
10c1de4f-55ae-4293-a339-f4f55efe3ad6,Michael,Sylvester,1/4/3681,Chacma baboon
320a06ee-be09-44e2-a0ad-8862370c1d19,Percy,Lomax,1/23/7458,Blue peacock
3df316e8-727a-4bd7-9c98-761ac790ce61,Willow,Myatt,10/12/9381,squid
800decb4-c766-47ce-bf77-38ff9ba76133,Lucas,Cattell,9/12/3546,Ferruginous hawk
196a84b7-21b7-499b-ae91-72c9590e3a86,Juliet,Brown,10/15/7404,Galapagos tortoise
e7e114ce-4121-4378-93e6-79d0a6ebca8e,Britney,Price,8/9/7854,Sparrow
1048fa9f-e889-42d3-a093-5f20c0a5b980,Erica,Rigg,12/14/8223,Golden jackal
5740a6a4-5b25-40d5-a136-96667dbbbba9,Mya,Edmonds,10/19/9257,American buffalo
e9a0a430-5e4d-4d0a-b830-c8533ec5f0cb,Isla,Rowlands,7/20/3126,Horse
c915a6de-5256-4faa-a322-1de629198d57,Tyler,Bullock,1/21/2030,Blue peacock
91a2ebca-d0f6-4201-9fb1-7c80340e28f5,Emerald,Yoman,7/27/5816,Groundhog
756e5f97-1b07-42c2-8c24-7e4a6fffe51d,Matthew,Varley,5/16/6447,Black-capped chickadee
3445a645-fde5-4576-bb20-dcdc761ba679,Susan,Mackenzie,6/2/6832,Leopard
e1ac7107-1fd5-4b09-817b-596041a46f91,Luke,Taylor,9/26/3115,Giraffe
6857a6c1-0e9a-4d7e-9505-22c0b4b621a6,Tom,James,4/16/3481,Huron
a31aeed5-ac3f-4dd0-a2ae-060375adca6b,Javier,Miller,9/8/8778,Raccoon
e2fd61db-ce5b-4429-87b4-653464c69734,Jules,Warner,10/7/6289,Vampire Bat
fbefba4e-5480-4815-96cf-4493aa5b733e,Kurt,Booth,12/30/6814,Scorpion
6ae55959-5971-4080-973e-0000ab476b7e,Gloria,Flanders,8/16/3007,Honey badger
c26373cd-62f2-4e69-98c2-337b62747262,Owen,Thomas,8/6/1511,Bush dog
cfd3d499-a0e9-4cef-989f-a9d29b37b721,Boris,Weldon,1/12/8215,Brazilian tapir
fa6035f4-2af3-4c03-89bc-ad8ca2fa23db,Tyson,Patel,7/13/0836,Honey badger
b2f9034e-9501-4e4b-9740-9abb999a932f,Michael,Becker,12/10/7905,Indian star tortoise
e5878169-1a08-4637-8ea5-883e4034c5f8,Nicholas,Clarkson,8/28/0041,Fork-tailed drongo
aa2b346c-7d38-47fa-ade7-b8aab233b773,Tara,Addley,3/24/5060,JellyFish
b1f6b62e-7fb6-441d-a73a-8a96f52a25bc,Sasha,Hopkins,12/30/2654,Chicken
670c2782-282b-4c1d-a7a9-1c26df1ae72c,Sylvia,Middleton,2/14/8449,Blue shark
3796e44c-dbb9-44e8-bc16-b1fba8987d02,Hank,Bayliss,6/10/8058,Common duiker
fa483fc0-b506-47f5-b871-295fbc9dbc43,Owen,Tait,7/4/1491,Hamster
3fe7a157-4ff1-43a8-bc1f-69055b7a51a0,Julianna,Speed,8/29/7370,Cobra
5ed47dcf-6f97-47e1-8fa3-0f85a1914407,Wade,Bradshaw,12/27/0713,Chital
749b026f-f566-4989-94d8-ef94427d418e,Anthony,Price,5/30/2594,Dodo
911dc927-fb79-43dd-839c-b0dfa5195115,Manuel,Overson,10/30/9656,Vampire Bat
088190e7-0b27-456b-a17a-e35aff8c90ec,Gabriel,Kidd,3/5/2005,Hedgedog
83c9189d-aced-4b17-a452-f0d6fea1e034,Barney,Lindsay,8/30/9353,Eastern boa constrictor
4aec9ce1-e098-4ee8-b863-f9b111ae6e11,Ron,Matthews,11/26/6170,Huron
339eff85-a3ce-4c62-a5d5-8c2c7cbecc69,Rebecca,Ainsworth,6/14/4217,Huron
0ea5cfa4-f5f4-4461-a433-018dbe7f9ca7,Peter,Turner,5/7/6927,Shirmp
44b1266d-fa0f-47db-836e-3d933f156488,Elijah,Howard,8/24/7259,American buffalo
1ba3de7f-c5bc-4fe2-b703-2287492c55d7,Nicholas,Ingham,2/24/9076,Brown pelican
9e15ba13-0517-4133-8d6e-9af6d0239636,Camellia,Patel,3/14/0803,Dodo
75019adf-1a69-4704-857e-463342898484,Julian,Murray,5/5/9362,Caribou
e3893f2d-3867-4a55-be5a-4598b68aac01,Leroy,Waterhouse,8/4/7949,JellyFish
36960484-ecba-4556-bcd9-e0c93ad28a9c,Marjorie,Oswald,12/23/8056,Fly
0a11d5cc-0f89-4b25-8c69-451d104f5d5b,Doug,Tailor,6/6/4492,Dassie
4ae534f9-e086-4753-9425-b75f6eafadec,Chloe,Griffiths,12/27/9191,Cobra
bddb00c8-c587-4a7a-9019-eb0f030df8f7,Janelle,Pitt,7/27/5213,Eastern quoll
bfe2f903-1d9a-48cb-99a0-0bae75078fee,Madelyn,Casey,4/7/3303,Brown hyena
a0b99f34-573d-4e03-9fe5-4dc01c5cf45d,Erick,Mcleod,5/30/4278,Bat
a0e2ffad-6efa-453b-b2cf-3b93fa0a556d,Eve,Hooper,9/28/7829,Giant girdled lizard
ddf1bc25-1e7d-4870-99f5-86e329be0653,Tom,Aldridge,11/12/4257,Huron
0473c3a2-80de-41bd-8054-c1f60076077e,Bryon,Greenwood,9/27/9159,Lion
dde41263-c732-43ff-9874-c38e3e209ee5,Mason,Bingham,5/17/6471,Collared lizard
a63b14e0-6952-425b-940f-8a2c68e4f752,Christine,May,2/9/3977,Indian tree pie
c44e45f7-5041-4d4a-8800-3b8fd40999e0,Caleb,Ralph,4/14/2660,Galapagos hawk
6ff91e64-2c9b-4cba-873a-183e43aca700,Charlotte,Shields,8/24/8099,Canada goose
c7e0a7df-b041-479e-a11d-7a89c33f21c1,Noemi,Rivers,8/22/4366,Brazilian tapir
6fc130bb-5d86-4801-9368-1cf02f4f21a0,Leroy,Andrews,6/4/5064,Giant anteater
30075037-a2ed-4c52-9f41-3297c8a73eeb,Goldie,Baxter,1/10/5599,Feathertail glider
c70b049d-78a1-4ca8-9f2f-aeb1dc912323,Tiffany,Larsen,7/10/4785,Bobcat
b4fdadf8-a582-49bb-b708-6fea9f009175,Darlene,Shields,1/12/9973,African lion
7be1a169-3085-4e83-9193-a663b4431ede,Emma,Lucas,8/10/5252,Cape Barren goose
32198631-aa5b-4c9d-bfff-1d801729b44f,Blake,Furnell,10/15/4362,Collared lizard
b8ba8a8c-f34a-48b4-9623-d5a163169834,Candace,Walton,10/18/4022,Crested barbet
cdcac17d-f7d2-4dcf-9aae-8c8a6f84ec93,Elise,Ingram,9/18/9365,Indian porcupine
70d8c1df-3657-4139-b1eb-d114934b0578,Peter,Parker,1/28/1209,Helmeted guinea fowl
5f80bad4-90ac-4007-93f6-3e04213c66b7,Chanelle,Knott,8/21/8920,Giraffe
cd22b755-83e5-4e07-9ada-81310e5f9510,Matt,Martin,6/22/2328,Hawk-headed parrot
cc18a037-c43c-4430-bdb3-a302dd143c33,Eduardo,Cadman,4/1/6106,Fairy penguin
bf3fa2df-2da3-427d-8bbe-d9f34589f8c9,Erick,Clarke,10/22/8093,Wolverine
5a23947e-8502-4dba-9f92-7c625ccccec4,Harriet,Shields,4/4/9139,Common zebra
2482fea9-c7a7-4074-abae-e197a61f181f,Ciara,Huggins,9/8/5088,Dusky rattlesnake
80446988-c9ae-40cd-97ee-ea483ddb9ee2,Carissa,Stubbs,3/9/8459,American buffalo
6e5f6ec7-7621-4219-8f85-e84db1370bc8,Parker,Owen,3/28/6668,Seal
fce73e59-da2e-4379-8738-d622bcdbf3b7,Grace,Giles,3/5/6187,Huron
bb3622d3-2702-430c-96c9-5ae7b5d6c970,Harry,Baxter,12/20/4207,Common wombat
908a3777-3f08-451d-a43f-306546a2f409,Remy,Quinnell,8/29/3142,Chicken
9dbdb891-162a-4356-ad91-d71b246c9cf4,Tom,Butler,1/5/5573,Brown hyena
9083aca8-65b9-4e0b-ba49-1f71d09b38bc,Benjamin,Blythe,4/8/6422,Horned rattlesnake
1dc0f353-a12c-43d3-a4e7-cf334133fd97,Oliver,Coates,9/22/9958,Chital
3874b95f-2bef-496a-9659-058aa7afa2dc,Oliver,Shaw,8/26/3150,Bushpig
2dd4edcd-1b32-42af-ba40-e0d9b99ab56d,Katelyn,Farrow,7/6/9692,Fox
21243cef-2575-4427-b3c2-11b04bbbe243,Skylar,Hall,7/8/2294,Sparrow
14c576ed-b79b-4d6b-aa33-0c58312c9b7f,Tyler,Exton,1/2/7983,Scorpion
4c70e042-9246-41fa-98b8-f196c534367b,Bethany,Oakley,10/13/2434,Fisher
53eeeb1f-3072-4d71-827f-3b5d23a7b0ca,Camila,Roberts,2/28/7131,Galapagos hawk
79d365eb-e1a0-4f05-b68d-de92b8c8828b,Tyson,Anderson,5/18/9098,Ladybug
f1e7792f-45a4-4003-b55b-f8e490b7c020,Adela,Stanley,11/24/7525,Blue-tongued lizard
22f6c23a-f84c-46f5-a34c-149ba938f470,Chris,Jefferson,11/11/6943,Common pheasant
24f3e0f0-6d25-41ce-ae9b-a1926fcf4f0e,Boris,Flynn,4/17/8472,Sparrow
9233c3e7-59e6-44fc-b549-16093afa05d3,Melanie,Flynn,8/23/0758,Eastern fox squirrel
5d62002d-7258-422b-9d39-bb2cee182ce6,Kurt,Verdon,8/6/6061,Puma
7036adad-bd14-46c6-bbcd-9ae343bdbe0b,Gwenyth,Uddin,10/14/7344,Frilled lizard
3405560c-31ad-40c2-9b88-74028a5a5b27,Maia,Newton,5/29/9543,Cape Barren goose
5b449e84-784b-4ffd-96ce-177ba1c819ea,Kendra,Lloyd,5/25/9649,Clown Fish
059c6213-fb3a-4449-8e0e-3783afd7f3bd,Clint,Connor,6/27/6609,Common langur
ce0cb914-b6b4-4cfc-86cd-0644e367b820,Alma,Stuart,8/4/1849,Gray rhea
352ae9bf-fa63-420e-8f4e-2e69b46702fd,Kurt,Gardner,9/13/2634,JellyFish
682aa3f1-a4a7-4376-829f-4290d1b6b53f,George,Kelly,4/22/8352,Grizzly bear
608fb9d9-2ad5-4c92-8b74-406239002a10,Fred,Gilbert,12/31/7139,Fairy penguin
005add66-3ffe-4255-8d41-a93f72c088cb,Gabriel,Lane,1/9/5834,Chacma baboon
b0468fa2-3c0b-498d-9848-3e32039628f1,Henry,Graham,8/8/8028,Fly
6254bd22-852c-4cbb-be5a-fc99ab063368,Erick,Reading,8/9/6318,Horse
1f18655f-20cf-41c1-a2f1-8d2b32eb42f1,Tony,Walton,6/3/0555,Flightless cormorant
e9446d58-e55b-4d49-b9a0-d26e32acf842,Caleb,Tailor,10/16/2936,European beaver
6c0177cf-9bf5-455c-9f6c-91b75b8b5a54,Rebecca,Benson,12/15/2614,Egyptian goose
2d0bfba7-26be-4e5a-8095-1ce7e20547e5,Owen,Irving,9/2/1721,Crested barbet
5a5176b7-6923-4dce-86c8-fdfa14da3636,Camila,Carson,4/18/4811,Killer whale
ec819718-6f7f-47f6-85db-9fb66307dd16,Caitlyn,Powell,11/10/8998,Chital
1c0b91b5-d772-443d-85b6-1dfd0df0351f,Fred,Veale,11/7/5142,Gambels quail
8be87fe2-7725-442b-b661-0a44c6b61ead,Regina,Brooks,8/26/7387,Black rhinoceros
2cf2f223-215e-4884-94ad-ac2c9e0247a8,Sloane,Morris,4/24/6121,Barking gecko
3f20ded5-327c-48ad-b8f5-1fec9b87d68b,Emerald,Goldsmith,12/10/2381,Elephant
78ca63cc-cd33-4692-a288-0de044a0b1e0,Penny,Aldridge,4/17/8218,Raccoon
d661e0b3-9aca-42c0-9f59-e0a0bbed3f2f,Matt,Wilson,7/23/5380,Clown Fish
e6882fc1-00dd-4f2f-8832-3c8ab1701365,Owen,Baldwin,8/29/1209,Jabiru stork
6f945d04-962a-4ceb-afe6-72b731506288,Benjamin,Jackson,9/24/5081,wasp
8a2b89ef-115b-4698-aa59-badbf7e18d58,Wendy,Khan,7/22/6269,Chestnut weaver
c55d4dfd-5ee4-42e4-aa36-b341c4338c33,Phillip,Neal,10/19/9588,Sloth
e33da4e8-aa45-470f-9c5f-7431a6cfe4b0,Rosalee,Martin,8/14/5378,Galapagos sea lion
d44e2343-c58c-4bd4-b7a6-b23cedebbf7d,Chuck,Skinner,1/21/6418,Bison
2a6797e2-8639-4c71-878c-b173021fb41c,Gil,Wild,1/17/4475,Gray duiker
8e444835-c778-4777-8f64-7f78c5d5c751,Hazel,Warner,6/27/7739,Carpet python
391b5557-8c5d-499c-b84d-707d3b15b853,Tyson,Moore,1/7/4306,Kori bustard
5890d662-6e12-4acd-8674-1ab851ab5d09,Natalie,Olson,9/11/2091,Chipmunk
af9be0b2-83b8-4789-8aa2-383bab5ad56b,Manuel,Uttridge,5/10/4862,Crested barbet
0ba4e1bd-f356-4097-b64b-ee842874a3c5,Greta,Phillips,3/26/8456,Golden jackal
8970c9ba-ed83-4427-bd8f-1d99965257cf,Melody,Kennedy,10/22/1061,Feathertail glider
fd03c152-280e-4278-9d69-6bf3061e69af,Lana,Torres,7/13/5680,Black spider monkey
5235dbbe-6088-4156-8774-868d50188829,Julian,Mason,1/7/3658,Giant otter
385fb422-e6e4-4a06-a256-ff081723b9fe,Ethan,Dillon,9/27/1080,Egyptian vulture
b3d84fb0-e050-46c0-b096-dfc6515bfd3b,Hannah,Lindop,3/5/1424,European spoonbill
f9e522a5-d5f4-4521-b304-3f76734736f4,Lucas,Jenkin,11/16/3340,Golden eagle
e293f346-946d-4243-8ca4-7599a8846387,Elle,Bennett,8/15/1350,Worm
4c770164-f65c-481f-ad6b-750159ae1a4a,Kenzie,Hooper,4/27/8670,Dalmatian
e29f9d74-f154-46fb-ada9-d6173838356d,Maddison,Eaton,1/18/1801,Jungle cat
5fe6f467-703b-4667-89cb-af1efa71d7dc,Maia,Patel,8/13/3190,Harrie
dbd5f49a-c348-463e-be94-f3c325ab73e3,Sloane,Oatway,3/15/4663,Glossy ibis
e105adfe-2d9f-4c59-8041-0d1192bb33d2,Maxwell,Mann,4/12/2400,Komodo dragon
a22c33cb-2247-4621-ae5b-4368dd2ea987,Mark,Zaoui,1/28/9360,Bushpig
f46e8e12-6fa2-40c0-a608-5af43bd54246,Alan,Murray,7/11/5960,Eurasian hoopoe
d3d75901-3c27-4a5b-8e84-9f258211ca63,Javier,Rixon,7/27/8888,Galah
1a26aa62-f90e-4f4c-b731-aaaf6279c6fe,Brad,Adams,10/28/2387,Grizzly bear
b5776bcb-b70e-4083-8db1-83148460826f,Chloe,Sylvester,3/24/0100,Cape fox
ec06c411-c2de-4f44-91fd-7f3ef041543a,Parker,Clark,4/2/6434,Gray duiker
86941d04-39d0-47e8-8d18-64bf47f3e9eb,Camellia,Atkinson,7/13/6702,Ant
26bd06d5-072a-4ab3-9280-0bf1212bd344,Kate,Mcnally,2/6/7938,Cobra
fd8928dc-7558-48a3-b000-58f8dad354c1,Adelaide,Huggins,7/27/9526,European spoonbill
6ce78f53-5679-4091-b594-cc71e08257a5,Ivy,Hunt,8/23/4052,Ibex
0ff76e9a-859c-43b3-9ed6-bbabaf53fa67,Lynn,Tyrrell,2/8/2077,Bushpig
24ccf1d4-3c41-475a-badb-2d845545ee5c,Noemi,Hilton,12/31/3274,Armadillo
76a032b1-f179-40dd-a83a-8b302c9c9288,Crystal,Butler,12/14/6966,Bushbuck
efe33f82-1d57-472e-a01f-76bcdc81b8d2,Olivia,Carpenter,3/15/6156,Great egret
c3c8d0e7-64b6-4ce8-8a99-27af5fc3988b,Britney,Booth,6/11/3012,Blue fox
c4dd3715-0ce5-4ac3-9a98-e0709c2a0cd2,Shannon,Ventura,11/13/6437,Desert tortoise
c870eb12-0e73-4846-a058-0e44c7c56d8f,Alexa,Hamilton,1/24/2978,Common turkey
e1bc05c2-9d27-4330-9404-8f6f08545af7,Leanne,Tindall,12/31/7004,Killer whale
fc5787ca-d70c-473c-8080-fa48d0fd091d,Adalind,Becker,8/10/3445,Hottentot teal
dafb3d30-953b-4d78-b1ff-2728700a5d78,Hannah,Verdon,9/15/1245,Scorpion
8a7cc6a5-194e-46bb-ae2f-c93ec18f42b0,Molly,Redden,10/4/3348,Brown capuchin
4df79984-bfcd-4234-a4fd-de57bb496018,Nina,Lloyd,5/30/1275,Clown Fish
95d11738-861e-45fe-a4f7-9d781b1ce37a,Priscilla,Murphy,6/1/6743,Dusky gull
f19ab7be-3adf-4001-996c-e73b66a63f39,Chelsea,Skinner,7/12/1104,Red Panda
fb4e2db1-dbef-420c-a0f6-9e11f985dfe0,Laila,Partridge,11/7/9427,Cheetah
fd7fe82e-fac5-442d-afcf-5c7803f53459,Cristal,Griffiths,11/20/2192,Leopard
0f55cad2-00c5-4b73-99aa-2286867bacde,Felicity,Knight,2/9/5329,Eastern boa constrictor
078bac2b-cfd2-436b-b663-7f17bc29659c,Lara,Noon,3/26/0173,Common wombat
61bdeb61-3126-49fb-bcbe-1f8e545f349c,Makena,Swift,5/11/7168,Black spider monkey
5d1371a6-0c3d-4ad9-9b24-ffcd81581470,Crystal,Cobb,6/2/6406,Sea Lion
051fe919-8967-4676-8205-75ce4ed01184,Mandy,Randall,4/18/4600,Galapagos hawk
77f8d2f4-d1d7-4a79-8dbb-a5fc982af2b0,Freya,Spencer,2/4/6352,Eastern white pelican
42df1111-35b7-4cb6-93f8-173ff6874f8c,Lexi,Saunders,4/7/2078,Gaur
23204601-0a0f-4f46-82a1-a19c4f39691f,Thea,Thornton,7/2/2744,Brown pelican
5888bfea-0531-4465-a52f-9740dc1976f0,Aisha,Middleton,7/20/5271,Giant girdled lizard
c832fb35-5e10-4600-a89e-2635448acb3c,Angelique,Moran,5/13/6596,Koala
8d218f19-a010-4a31-8c49-0f1374870dd8,Raquel,Cunningham,12/15/2458,Harrie
291427fc-3a66-41ac-83c8-4c30d9f0837e,Ada,May,3/16/6196,Kelp gull
b1b0d511-a54d-4283-8fe0-35e65ea6554b,Joyce,Funnell,7/25/7646,Gorilla
3c554a33-9c32-448d-a22b-2a9d3ed6c26e,Kirsten,Parsons,8/20/1723,Duck
da63a2ad-2751-4f4c-ab70-a6039effd4a1,Eileen,Kennedy,3/6/0990,Cape wild cat
46631f22-2ca6-4f16-ac65-d19a6e172995,Ilona,Holt,6/27/6126,Koala
ab13afb1-c923-4522-bec7-425453b7a744,Lorraine,Dallas,7/1/3962,Galapagos sea lion
20434a44-40f7-4105-97e6-ef1971946a58,Christy,Clark,7/19/8662,Kelp gull
40c7bde0-e4f5-4990-a877-4f6f97625ddb,Tess,Collis,1/17/4585,Indian porcupine
8ae0317e-96cc-4da4-8629-4d11fdf695f2,Michaela,Williams,4/16/8106,Chital
f2415e80-8342-45c3-9ead-7cc859459126,Moira,Goodman,6/16/8470,Sparrow
6569a23a-a4fb-4bb2-9049-fb7852ef10b3,Jasmine,Scott,8/3/8193,African lion
a59a38f0-d4f2-45a7-867d-de1f65372bc9,Greta,Dubois,3/7/3388,Hanuman langur
435b68f9-628d-4ffb-a84f-1a6225623cd0,Angelica,Sherwood,7/27/0290,Jaguarundi
7d9a12c7-062e-4279-aeac-e3e1b6d3568f,Amelia,Ingram,11/18/6919,Egyptian viper
2d88fba4-e6f4-45d2-a017-6b26c377f844,Samantha,Goodman,3/12/2319,Kiwi
87ca80a2-9bc4-4132-acd9-d1b8b75bb88a,Dorothy,Roman,7/24/9002,Blue fox
3e182401-7fde-4e0f-9fc1-be6de949622c,Susan,Wood,8/26/3950,European wild cat
30e58321-e85d-4c2a-ba8d-bfecc1ff7985,Harriet,Pond,5/17/0480,Great cormorant