ef588ed7-e3ad-432b-bfc9-7eaf691164a8,Daniel,12/15/1970,Male,Herring gull
ba23ef42-7a82-4c30-8121-f3f1f2bfa61f,Bethany,9/5/1984,Female,Monkey
c0fa6a4b-1a7a-48bc-b563-06aa4aa040c7,Leilani,9/7/1957,Female,Harrie
3c3e4cc2-7a69-4efd-8609-0656a3353100,Josh,3/1/1997,Male,African lion
fbfc61dd-2aed-4d6b-b58a-e6241b3a57cb,Margot,1/11/1964,Female,Wolf
01bc9a80-35dc-4507-9973-f839f9e0bd2c,Doug,1/14/2000,Male,Chicken
325c1005-8025-43ff-a452-11586f6b54e6,Maribel,5/4/1973,Female,Eurasian red squirrel
c2cdedf9-b52c-4cbe-ac0a-71b35c56daac,Sofia,5/9/1989,Female,Cereopsis goose
0eebeaf7-c541-4257-8641-c196919ca25c,Tara,7/22/1979,Female,Penguin
2936cc1a-0b92-4574-89f7-7c7e36c68778,Louise,9/6/1951,Female,Giant armadillo
8d3db15d-f1b9-4f21-9ade-e1971fb9c333,Fred,8/22/1993,Male,Chicken
d46dcce3-9669-4796-aaf3-70c03ee0a4f6,Valerie,12/8/1955,Female,Giraffe
c01df4ed-8239-4964-9898-07de2760ae39,Drew,11/1/1988,Female,Clown Fish
2f44560c-0697-4f63-b6f1-fb18c7b32370,Marvin,7/1/1979,Male,JellyFish
d9501f1b-e608-4bc9-bcb7-9edd98892ebb,Tony,3/15/1999,Male,Bushpig
e783ea5f-4215-464b-9386-f227ac04e9b2,Denny,10/26/1977,Male,Goliath heron
ebc223ec-eba9-47e1-8379-452eaa5aa384,Rufus,4/20/1996,Male,Chicken
558857e8-04be-4a54-b77e-e84b89b4f4f7,Phillip,10/19/1981,Male,Eastern quoll
afdf88f1-6e92-430d-9273-36779f22f1a6,Maxwell,3/19/1977,Male,Eurasian beaver
4cffcc9a-1d94-4a8e-9288-ed7f05807ea1,Cherish,7/12/1965,Female,Brown lemur
07faed6e-f7a3-4a91-a521-5533d720f9c8,Vivian,9/26/1967,Female,Zebu
6acdeb7a-46bf-4c01-9e87-fb068300e462,Sydney,10/30/1988,Female,Egyptian viper
fc43a86c-6157-490d-b719-0c32c26b2aae,Matthew,4/16/1966,Male,Giant armadillo
d3c6443a-521f-47e6-aa29-46447596a559,Henry,8/13/1972,Male,Bobcat
1411ba2e-160c-4709-8a85-74550d88933d,Kieth,8/7/1980,Male,Cereopsis goose
35f4ddb0-2bbd-40ce-af42-9e0864a9df90,Hope,4/26/1980,Female,Four-horned antelope
b1ab6c50-a345-4a67-a309-a7436cbc4bf7,Ryan,5/23/1965,Male,Fairy penguin
4d495ec6-50cb-4986-a5a1-15d6c987d58d,Danny,4/17/1959,Male,Hoary marmot
d57885fb-de39-4a5a-83d1-44c27dfff791,Belinda,5/11/1954,Female,Dalmatian
46201978-f95d-47e4-9472-9ccacb0e2908,Percy,11/11/1959,Male,Deer
eb8f4f52-6be3-4e5f-b257-98153e05c1f3,Joseph,3/21/1994,Male,Cape raven
ceae1dc3-b6b2-4137-9d1d-2d2744aa3c0b,Rufus,12/1/1971,Male,Blue-tongued lizard
9dbf3372-274d-4ded-831e-f96463f4fd41,Gil,7/22/1970,Male,Black spider monkey
771c94cf-4f8d-4b77-a691-cd8dffcfb23e,Alan,9/25/1954,Male,Common ringtail
f51e099e-fdab-4501-9f95-4dc5f37fd38d,Anne,6/25/1969,Female,Javanese cormorant
1fb70ebd-0500-49f2-bee8-cb0563bbf0f8,Daniel,8/24/1961,Male,Zebra
e9b82974-123c-42a7-a282-0259bd3f7b7d,Jane,8/20/1957,Female,Great kiskadee
e574a891-cef3-440b-a91a-c1c13b421af4,Abbey,12/14/1998,Female,Elephant
c1e0b1aa-a364-4f98-ad9f-7201d24d2876,Katelyn,11/6/1995,Female,Badger
11b44880-d6b5-4964-93ba-7d896607652d,Boris,6/25/1969,Male,eagle
b2eedc44-220c-4698-a122-066a26782711,Rebecca,2/29/1968,Female,Panda
86322b7f-5127-4894-bbf7-25ddbe9d0840,Jessica,8/31/1960,Female,Possum
2e0584f5-6b57-455d-a560-06d1f9738e8b,Ramon,5/30/1992,Male,Eastern fox squirrel
1dffbfc4-dd9b-415a-969c-d1c41be29787,Erin,6/6/1955,Female,Killer whale
84f4b2d5-1fd2-44cb-b246-62b4f521ddff,Martin,7/31/1957,Male,Horse
3e64d1a1-b663-4da0-bef6-95700d1756ed,Jack,8/8/1957,Male,Giant anteater
823d0e17-de46-4baf-b9d1-724c752e4f0b,Tom,2/2/1993,Male,Cape wild cat
0f36efa5-2e92-4259-8941-eb9458c90185,Louise,3/30/1965,Female,Carpet python
c1c077d4-de81-43eb-84be-164cb06a52a6,Nancy,3/2/1981,Female,Gray langur
839d4659-34d7-4c67-bca1-8f8bfd275d89,Alessia,2/18/1981,Female,Somali
28702b84-8ea3-4cb4-9b32-dd091c2edde7,John,11/29/1962,Male,Red Panda
42841890-2ef3-4c73-9331-cb0f710b7965,Denny,5/3/1964,Male,Crested barbet
dea19367-0d99-40bf-8671-01aa53398bdd,Alan,10/20/1954,Male,Caracal
52272bf3-cd04-4498-a4bd-d521ca62dce3,Mason,3/17/1989,Male,Fat-tailed dunnart
4e1a7dca-158a-44d8-b066-7cdd91ef1309,Liam,9/28/1972,Male,Seal
90b54e90-ae35-4060-ac95-0ab98f643180,Peter,12/20/1971,Male,Fossa
df1196cf-b2ba-47e6-a0bf-5e899ecbff57,Abdul,2/18/1985,Male,Indian tree pie
04b8b84e-dd8c-406c-870c-d136ece156a1,Blake,4/6/1987,Female,Blue-tongued lizard
5e6dd90a-358a-42ab-965b-79e4c0563c1e,Charlize,3/9/1984,Female,Eurasian red squirrel
99e796c7-e48c-4083-a9ed-ddbda7f9c77e,Trisha,1/6/1985,Female,Javan gold-spotted mongoose
278df89b-7a8d-457b-8828-5b6407d2819b,Ron,6/27/1964,Male,Cobra
4bf21fb2-dfbd-404c-8eb8-09140ee2f05a,Chelsea,11/5/1966,Female,Japanese macaque
9d4b66ea-905a-4728-9cbb-87f7b6c7d5ac,Savannah,7/10/1998,Female,Ant
6e5ae651-7088-42eb-b4cd-f9472de5ea26,Benjamin,9/7/1966,Male,Dalmatian
296548f6-abd1-43dc-a299-b3d7c66c48cb,Carmella,1/15/1980,Female,Golden jackal
0532b46b-c371-4a4a-a10d-3da68c6f8847,Leilani,1/18/1958,Female,Wallaby
a0108679-a02a-46ec-af53-7cf305cbbcea,Nate,5/22/1960,Male,Toucan
8cadf25b-ba42-49be-899c-066edb22065f,Helen,6/7/1951,Female,Galah
f28ce6d0-be0f-4933-8c3a-51cbb45c7ebe,Brad,11/8/1968,Male,Giant girdled lizard
5e266416-f615-4b34-a0e7-e724aacdd2fc,Leroy,10/10/1987,Male,Wolf
43339b4b-6429-4bbf-88ec-c0ea52a55a05,Bart,3/19/1951,Male,Hippopotamus
e00a6d83-30f2-48f4-a910-2ede0107f211,Ema,5/4/1996,Female,Buttermilk snake
1826d079-5948-4a5d-83cf-8f9be18f46f3,Carina,9/13/1982,Female,Cape cobra
635850e7-a7dd-4c38-acff-224c30be365a,Daniel,1/27/1966,Male,Blue fox
e074b99d-7583-4605-8b05-6cb24eed26a3,Belinda,10/22/1952,Female,Swan
1d62cb95-ed6d-4280-be03-ec34dac725ab,Zara,4/7/1966,Female,Black-capped chickadee
9a766a4e-a6b7-4d4a-8511-b62b9b83ffc1,Natalie,9/5/1957,Female,Ferruginous hawk
a82c0fcc-3e88-4108-a343-fdf7ef6f577c,Iris,6/9/1960,Female,Downy woodpecker
d25e83af-609b-46e2-9873-f76d9df312e2,Brad,6/19/1998,Male,Horned puffin
69e436e7-07b6-4e07-ac32-4c1027758893,Cara,6/23/1977,Female,Fringe-eared oryx
7f2e2705-092e-4f7e-9625-009b843c4b3d,Skylar,8/10/1998,Female,Galapagos hawk
c5f48c21-3028-42b3-a077-b59f15c64c52,Barry,10/16/1958,Male,Gray rhea
6b96d4c6-b853-46a8-bfff-e053fb821895,Ryan,11/21/1982,Male,Cobra
407bd277-4f8f-4d8d-8ccb-583ef1974a86,Christine,5/12/1965,Female,Hoary marmot
7c84a8f6-0348-4ed0-ac6f-0fd0a21a26a9,Isabella,8/18/1961,Female,Eastern cottontail rabbit
0fcd39f6-d70b-42b0-9863-3ad71a3d9623,Belinda,4/2/1997,Female,Eastern diamondback rattlesnake
2ca4a7c9-1cfb-486e-aae5-c4f6d8afd496,Bob,3/4/1990,Male,Mouse
a074a442-be1b-4a59-a6b6-c5b2d175c8f5,Summer,2/5/1989,Female,Collared lemming
8a7d5959-67a1-4d26-9970-85d17a8b3737,Martin,8/31/1961,Male,Hippopotamus
f1edc575-df30-445a-ba41-5fefe1bc8720,Bree,10/5/1957,Female,Greater flamingo
08409fa6-8080-4ca3-bd9c-5dafb759964b,Ally,5/26/1966,Female,Dassie
9aa052c0-1060-4778-9568-6d50c36204e8,Julius,9/25/1970,Male,Glossy ibis
57a6997d-1732-42de-a095-2447bc48044f,Carter,2/18/1973,Male,European stork
71ebc707-a7da-4f16-aa01-eaa3888855d8,Ron,6/20/1993,Male,Collared lemming
c4026ef7-50dd-462c-858a-c3f996206c7c,Roger,2/3/1992,Male,Tree Frog
12184b5a-1a65-4f61-91a5-2428423f2386,Hank,8/17/1996,Male,Common ringtail
63a5cad2-e88c-49b2-89f4-9d01a1162f4d,Isabella,10/9/1988,Female,Gambels quail
1b5cf4c4-2502-46eb-8bf1-b6d3d914882c,Daniel,10/24/1980,Male,Gray langur
f2bca4db-0506-40ea-b58b-0eb3cdea0ce9,Domenic,5/11/1956,Male,Cheetah
3174f077-8fba-45d2-a137-91d33cd6fc95,Analise,6/16/1972,Female,Dalmatian
cc3a424b-47dd-4867-aa79-346cea279ac9,Danny,12/20/1957,Male,Yak
a309b801-60e1-4ec5-969c-3a9771cc1a5f,Ramon,5/3/1980,Male,Arctic fox
62c3a9ef-daa7-4ce2-a678-8bcd53b18e13,Matthew,9/23/1979,Male,Sparrow
e38dade1-dc8a-4c16-8a7e-2944b8108596,Harvey,9/17/1995,Male,Four-horned antelope
b108e93c-58c2-441f-9950-3b547c178f55,Angelica,4/22/1976,Female,Black-tailed prairie dog
dd5b4bfe-c2b2-48af-9f25-1c77fe4e7661,Luke,2/18/1982,Male,Galapagos mockingbird
10df2b6e-b2a5-47a6-8f8d-83f0fb97af54,Roger,7/25/1986,Male,Sheep
5fb81fdc-604c-4f4a-b607-a2927b8f69e2,Chloe,10/5/1959,Female,Elephant
6f45cdab-3883-4233-a897-54b6d18a065c,Piper,9/13/1993,Female,Cape fox
dd40748b-8213-4a30-9fd3-4b010b12e2ac,Chadwick,7/11/1989,Male,Horned rattlesnake
5889123a-bb49-4506-9c13-fc69a4828d49,Freya,5/1/1970,Female,Koala
75de488b-1955-42e9-92e2-b88b74e1db32,Barney,7/15/1972,Male,Dromedary camel
dde8a1dc-daaa-480b-8b09-4be78e7e2f75,Domenic,9/4/1987,Male,Black-tailed prairie dog
6c6e9dcb-c3d8-41e8-90cd-a7b85273ba43,Carter,4/7/1966,Male,Common shelduck
90aa9a1c-6f73-4d0e-949c-936e30b09d1c,Valerie,6/28/1954,Female,Common zebra
1d6d54a4-727d-42a1-ba7d-b64eef22fd8b,Audrey,5/3/1971,Female,Sea Elephant
a8f6e4e5-5cb3-451d-8d59-9b98128266a8,Martin,5/15/1992,Male,Collared peccary
c586eef1-726c-4366-b2e7-22b7e9660526,Ethan,10/29/1968,Male,Collared lemming
9c5fb9c5-1c56-4734-927f-98ebd025cfdb,Ellen,5/31/1952,Female,Blue catfish
eb0877f1-2a10-46e1-99a2-9f5a58f6cef5,Jenna,3/6/1990,Female,Blue wildebeest
8ea17380-09e6-4d0e-bea3-dd7ab2058bd7,Britney,11/28/1971,Female,Cheetah
e40ca393-d800-46fb-8083-027b5faffa2b,Freya,11/8/1987,Female,Giant armadillo
13d84a82-3d8c-40c1-9146-f472c826e1f8,Taylor,9/26/1966,Female,Feathertail glider
902b6fe6-6914-49fd-8ada-8393be6494fe,Melanie,8/18/1982,Female,Albatross
71022e4c-7ef0-4c79-962b-ead6bd1f527b,Rita,4/13/1964,Female,Common wolf
93604eed-3108-4ec2-b2d7-337947d2ddf9,Marvin,6/17/1983,Male,Dassie
3fdcaf34-9ea0-42ce-b1eb-4324578933d6,Chester,1/2/1958,Male,Gaur
5f657cf7-7ee8-437c-a6e7-344597e50f9b,Barry,10/29/1997,Male,Bushpig
931db597-4751-451d-b37b-52873635658d,Georgia,1/31/1999,Female,Cape fox
5a72d449-f977-40a6-8670-d53286584564,Denis,11/25/1960,Male,Common duiker
6ed71556-378a-4f75-8799-1af30afb0a46,Trisha,7/13/1998,Female,Jungle cat
0a731d44-22ef-47d5-8b1c-31550dfd702b,Valentina,1/6/1954,Female,Eurasian hoopoe
160ede5d-4f7d-42e1-9f87-43513fcdf733,Rosalie,1/20/1967,Female,Indian jackal
363fb1ec-449a-484b-b336-6f6fd3783bbf,Sarah,6/1/1987,Female,JellyFish
be0a5a5c-7935-44d8-ba4e-54aa933200bf,Elisabeth,3/20/1980,Female,Great white pelican
698683d9-1a69-481b-8575-427454a6867b,Julia,3/26/1957,Female,Black-capped chickadee
1a23ff2a-2d40-499b-9654-b34b569cb65c,Enoch,10/8/1969,Male,Frilled dragon
80aca44b-91f4-4b45-8ba8-13e041f32484,Peter,9/25/1975,Male,Hamster
3c89e2c2-18ed-4952-b928-0100c608a7bc,Javier,2/12/1985,Male,Yak
613b85b6-8ef4-4ee4-9a21-58e0e2134ede,Rosemary,3/17/1969,Female,Galapagos penguin
60f5ed7c-23ea-431e-ab1a-5ddc706e0fe8,Sebastian,4/25/1987,Male,Grizzly bear
e3e272d4-0f73-484a-a021-02545562b4d1,Anne,11/4/1987,Female,Groundhog
8871a111-b0c1-41ce-a4f1-c18ce84a8aea,Rocco,3/12/1999,Male,Brown capuchin
b3b04fbb-b03b-43b1-8d97-ca77e757844b,Julius,10/3/1971,Male,Dassie
d9a06c74-34cc-4cfd-b730-a8a53997c2ac,Josh,6/12/1996,Male,Cape Barren goose
f493fe62-04cc-4981-bedf-2d4ee1cc61ac,Denny,6/28/1990,Male,Harrie
102f7fcd-3542-48b6-ab4d-3f57795b1507,Allison,12/6/1955,Female,Puma
bc1e6719-1f94-466f-9f73-c2b14d8af966,Sage,11/16/1962,Female,Gambels quail
c030eeb6-1848-4afe-b3f7-530fe42948c9,Mayleen,7/20/1994,Female,Owl
b1a41166-aa4a-4854-9a74-6c37e4630928,Peter,8/20/1959,Male,Common dolphin
ac4cd9b1-7c9a-49c4-ba47-9bfe5fb721c5,Madison,2/14/1986,Female,Galapagos dove
2370527d-4ad3-4af7-a2ed-fda1aae22c23,Martin,2/2/1954,Male,Jungle kangaroo
0d0b1204-7d51-4c99-a4f7-2b3dda662982,Tom,1/30/1960,Male,Baboon
8ff5357c-2f32-45f5-957c-1e81d9886abc,Alan,8/13/1970,Male,Kori bustard
35a61458-fbaf-4935-bce4-a13476008fec,Anais,6/12/1961,Female,Polar Bear
19f00488-0180-4067-bbb7-7131233c9e11,David,2/17/1995,Male,JellyFish
c444b621-e669-4a3f-a7ce-23ae2a54323f,Elise,5/24/1973,Female,Fossa
cf36c193-f915-40cc-b65e-ab077dc1e7ee,Jules,12/15/1997,Female,Owl
46a3b79c-9e31-4491-b73a-a8f41aceb4ac,Anabelle,9/27/1964,Female,Blue-tongued lizard
f3d2982b-41f9-47b5-9720-2a8da59dba5c,Francesca,9/7/1950,Female,Black spider monkey
d4c6d6b9-2ac7-4c59-9db9-0d6e9944086f,Melinda,1/10/1953,Female,Dama wallaby
c40c0edf-0925-4576-b774-a5381adce536,Britney,1/17/1960,Female,Chacma baboon
ceb2e45a-2add-4f73-92b2-f9a732b38598,Gabriel,6/5/1959,Male,Bushbuck
a8af51b7-9d8b-4284-8a2f-4298038efca8,Lucy,3/7/1972,Female,Panda
7a5ac60e-f6ae-42a4-a51f-e83118af4a4e,Sebastian,1/31/1961,Male,Black-footed ferret
c1912ceb-b449-4927-85cd-94d0a29f633b,Adelaide,5/6/1951,Female,Egyptian goose
3d65be23-6d5a-440c-a768-de65594c4403,Harry,11/11/1971,Male,Giraffe
6c9c9f7c-f56f-486b-a3ad-9d534346d661,Logan,10/27/1978,Male,Raccoon
0958074b-45f2-42c2-b5d6-498e89279afd,Fred,4/19/1969,Male,Giant armadillo
bcc5da89-0475-4e14-a5ea-4b75023768b7,Felicity,12/24/1961,Female,Common wolf
65cb785e-5f51-4f31-8279-c37d97cea91c,Anabelle,9/11/1959,Female,Common duiker
2d1b4b03-58d9-4df5-b017-ce303f71cd68,Johnathan,8/29/1997,Male,Crested porcupine
d7da0a74-f74b-4a30-9844-682f43ee0f5d,Erica,4/15/1957,Female,Gray rhea
543d98a8-8ddf-4cf1-bfcd-7f6409306941,Mike,4/6/1997,Male,Fat-tailed dunnart
266c1db8-4238-497d-b7b8-b7557d04d505,Dasha,7/25/1954,Female,Giant armadillo
39ebbaa4-ba28-4fd2-9478-fd65451bceb8,Carol,11/26/1968,Female,Crested bunting
47392eb8-07a9-4271-827f-fe6ebb699b43,Angelica,8/15/1989,Female,Great egret
8375d584-99ba-4af9-b8b4-ca01a88d54cc,Hank,12/5/1965,Male,Dalmatian
8de20a67-5c9c-4fb4-8a97-b81745c66d8e,Morgan,9/16/1985,Female,Fairy penguin
dc8b44bc-879f-4df1-91eb-8d7c1b69a57a,Camila,8/29/1997,Female,Alpaca
12fed858-a4d6-40a2-84f2-8fe622f63ca9,Nina,3/23/1983,Female,Great cormorant
ff1cfd9a-9f66-4b29-8a4f-83c02dcb99d0,Chris,7/16/1974,Male,Kiwi
3ec06476-71e6-40b9-88ca-73b5b430447e,Daron,2/9/1961,Male,Blue peacock
80597e9d-8f2d-49c4-bb01-a9ad5e1e6dd6,Julius,7/14/1979,Male,Galah
d2a3eb79-1afa-44af-b956-4a464b75e2b0,Maxwell,11/17/1963,Male,Blue catfish
8b46786c-8cff-410b-9ec6-39641771af5f,Makenzie,11/18/1965,Female,Giant girdled lizard
8d7f4128-a9d7-4fdd-85c7-00a0f962bc7c,Colleen,4/17/1965,Female,Indian porcupine
21225844-8612-46d6-9d58-a30648245a6b,Tony,4/4/1958,Male,Hedgedog
e3d942a7-fd2c-4a26-ad39-785420c7716c,Sabrina,11/3/1975,Female,Giant heron
d5543589-0a6d-48e8-94ce-a69ed1f26e22,Barry,6/7/1997,Male,Indian porcupine
de160fb0-1533-4452-bee7-55d89cebcfe7,Daron,8/26/1989,Male,Galapagos albatross
2d286db6-007d-4e5e-b19d-905f6978cc55,Cedrick,2/24/1992,Male,Vulture
e9cbeae8-e869-44c6-b432-68f4ddd24dc7,Carter,11/28/1965,Male,squid
27e793b2-df7d-4ad6-b55e-0043a836eb87,Aiden,1/13/1987,Male,Field flicker
066a34bd-15c9-49ac-9ee3-1933b9b462ea,Samara,9/12/1966,Female,Sloth
66f2f5d2-5231-4866-94a8-d46ef178992b,Nina,10/29/1956,Female,Crested bunting
93a98b5d-ee47-4267-be68-803599b67f58,Nina,5/11/1989,Female,Avocet
cd7b6732-6ad6-466e-ba2f-2a8246c3009e,Rocco,3/27/1984,Male,Brown hyena
da9b6a84-e6af-43c2-9701-ffe2769551ea,Tyler,5/26/1971,Male,Eurasian red squirrel
fea23219-c85b-4b19-8a99-db94d6354451,Lucas,2/29/1984,Male,Dusky rattlesnake
273da6e7-4bfd-4764-aa49-9fcf9eafb464,Ethan,1/17/1963,Male,European shelduck
38324182-4b0f-4dce-b89e-3135b5d7eea1,Joseph,7/30/1995,Male,Great egret
237439b6-79db-4f2a-8e49-12eb8f82181e,Cherish,5/26/1989,Female,Buttermilk snake
2aef861c-95f1-4d7e-985f-ff901caeb1d5,Mayleen,11/6/1953,Female,European badger
96ebe82c-fe45-4257-a48f-f5aa43b88bd1,Owen,9/9/1984,Male,Brown capuchin
9a542383-92bc-4b7a-83f5-42dbddd3b881,Rosa,10/13/1970,Female,Hippopotamus
821035cd-2455-4827-8158-cd9e2e0a5f9c,Miley,5/3/1955,Female,Komodo Dragon
59a5bf18-490b-4182-aa8a-c7e346154121,Julius,6/19/2000,Male,Common zebra
ea320ddf-0c26-4f17-b33c-28e95cfdfe73,Henry,7/26/1985,Male,Crab
b8d5fdcb-1687-48c0-8c9d-affb2959e675,Gwenyth,7/4/1951,Female,Jungle cat
dda9b378-6b13-4694-9989-a0b75530f51e,Martin,4/12/1964,Male,Great horned owl
fcf8dbe1-393e-43b3-88fe-eb1939a409f5,Luke,10/1/1968,Male,Galapagos sea lion
561da5e0-7fa2-415c-8bde-c4aa420abbc0,Nathan,6/9/1957,Male,Galapagos hawk
8e5c7e01-35a5-4e56-9775-ceb22905b612,Maxwell,5/17/1982,Male,Blue peacock
b47625fc-7f36-4cbd-b655-084daa77b48c,Sabrina,4/12/1979,Female,Possum
3f9e3eda-b546-465e-bdaf-05dd559ee1b3,Michelle,9/15/1977,Female,Eastern indigo snake
f17377f9-e778-45d4-b6fd-c9154835acd8,Caitlyn,1/27/1969,Female,Indian leopard
4ac25092-c888-45c6-a8a7-57e3250f552b,Sofie,4/30/1967,Female,Jabiru stork
b97fa823-253e-47f8-a62a-690b7bd4d63f,Felicity,7/6/1993,Female,Bear
dcf74756-a286-457c-a2bc-0a5ce89c17a1,Hanna,12/17/1961,Female,Hippopotamus
93ec0026-91a4-4617-9ca4-6171c7c6f5c3,Moira,12/13/1952,Female,Kinkajou
1c04a114-b45e-452b-b52b-b5ac3d095047,Ciara,3/31/1957,Female,Indian star tortoise
7ff4ce3b-ce6c-4fd0-8a0a-4b9724189486,Holly,6/19/1985,Female,Komodo Dragon
f49705d2-5006-4c75-9eca-82b40419a8b7,Laila,6/23/1978,Female,Collared lizard
45fcc3c9-ae70-4a23-9c8c-c71184e10f23,Wade,1/16/1959,Male,Bison
5f83d0a8-7b0e-4a60-a865-82dc5f387f77,Rosalyn,7/29/1966,Female,Canadian river otter
683fe97f-18a4-4677-9871-eeee599abf23,Fred,3/15/1955,Male,Giant armadillo
3dde3c1f-f77e-43af-9089-639ff670f18c,Samara,9/10/1971,Female,Brown capuchin
d030844a-2c7d-4ccf-b61f-35fbba8b72e1,Sara,8/19/1984,Female,Eastern cottontail rabbit
01225e0d-3670-4c7a-8776-0fb8e263a162,Tom,8/8/1952,Male,Calf
9c7fd08c-b58c-41ec-8488-9ac968ff873d,Carissa,10/15/1997,Female,Eastern cottontail rabbit
8371a58d-9fc2-49b5-af26-c3c6d2aa0c24,Bob,2/22/1976,Male,Chicken
4d71bba8-18a2-40ae-b11d-9ac9bc26a835,Olivia,7/18/1987,Female,Monkey
053b668f-3522-4636-837f-a3529abd557f,Anais,1/17/1954,Female,Snake
31533945-e769-4baa-b389-fca9ad8fa624,Tyson,8/6/1954,Male,Badger
e0c74ca6-50b8-4263-88bd-a9b174576048,Daniel,9/28/1989,Male,Crab
dfe689de-008f-4c3e-b1b7-47845d588e0c,Rocco,10/25/1957,Male,European stork
6013c9ec-a5a1-4a6f-a0f2-32d6df8659f3,Harvey,5/8/1973,Male,Harbor seal
08e4bba8-bb17-4c53-b674-2d6229e1db04,Madison,2/18/2000,Female,Koala
e9277cfd-8a2e-4cb0-affb-c994b2fc1eb9,Adalie,5/2/2000,Female,Eastern diamondback rattlesnake
3cec6e33-7918-491f-9196-45e852b48129,Ethan,3/31/1969,Male,Baboon
3083da1c-7d78-4f45-ad1a-452de7cd10ac,Georgia,1/13/1981,Female,Euro wallaby
cc7ded85-49b3-4674-aa08-04e78e3c3b20,Kurt,10/3/1983,Male,Red Panda
af7f143a-6ab8-49df-9761-20aff06c4caa,Cristal,1/14/1980,Female,Herring gull
a97cf1d3-b6ae-4870-9ee2-15ea124ab34d,Wade,1/24/1964,Male,Zebra
6a602e8f-7eb2-40ba-92e0-5ba4aed3ffd2,Colleen,5/6/1952,Female,Wallaby
16d605d5-33ba-4f5b-940a-9856da1a470b,Cadence,6/26/1959,Female,Dassie
a83247b3-7493-48d6-89ce-374d4944d780,Maia,10/6/1991,Female,Vulture
80559f27-ea19-4761-8fc6-280369044def,Nicholas,6/22/1997,Male,Groundhog
325e3dc3-4546-4e1e-96af-26464fc418ea,Eve,3/23/2000,Female,Worm
2d5c6aed-ee39-453d-a169-6168072ab156,Daron,7/19/1990,Male,Fossa
5785c7fc-0549-4be0-9757-cdf8f980cece,Sonya,10/12/1981,Female,Shirmp
28dbb7ab-7fe2-4029-ab05-3631a86dc821,Ruby,11/28/1983,Female,Bushpig
a109ba07-5faf-40bc-82ef-1cd065143861,Katelyn,2/3/1969,Female,Crab
b025ed1e-6774-4f88-8c8c-716c5f4b95bb,Owen,7/14/1965,Male,Hedgedog
6a9687c1-0c67-4698-8e07-6d9b9a7bbe9e,Denis,2/3/1970,Male,Galah
3d6880f3-eca8-491f-8570-7949721b358f,Trisha,5/5/1984,Female,Turkey
bd7c6f2d-8aad-424f-8a04-001fd2b8bf89,Macy,1/31/1994,Female,Dusky gull
17a29bbc-d52e-40ab-88c8-d780c9823dfd,Sofia,7/13/1967,Female,Panda
bd4597dd-d7af-41b5-a860-435d4558e969,Adela,4/15/1991,Female,Eastern boa constrictor
d705ccf2-b7ce-4449-92fc-76f3d61f4c8b,Carter,7/5/1982,Male,FireFly
56ad7412-aa2a-431e-a84c-e3fc14610154,Tyson,12/22/1998,Male,Crested porcupine
3e688c07-7492-4bc8-97a9-74f3a6cfdd13,Freya,1/17/1990,Female,Wolverine
d3504240-b7ed-4279-ab03-635205bf6316,Crystal,10/26/1963,Female,Puma
eb939a7c-9e28-4bdb-b870-8ceecc812b84,Emerald,12/9/1992,Female,Eastern quoll
1b1c4a9d-0b5b-482a-8bf9-94d8c55f1fe6,Claire,6/19/1953,Female,Black-tailed prairie dog
8d596650-d4cf-49b4-ba90-2a04b77f5db9,Rachael,4/16/1987,Female,Galah
2410d1fb-0759-42c8-ba88-ab53b3eeb15f,Alexa,8/26/1986,Female,Leopard
173931a3-68e9-4f4b-a9d2-92441a1643bf,Cadence,2/1/1952,Female,Cape raven
80eb34c7-4b3f-4af4-a278-0146ed49dc5d,Priscilla,10/8/1985,Female,Fat-tailed dunnart
4847dc74-9ef8-438f-b553-d7e2448e5ea4,Bart,9/24/1981,Male,Kinkajou
44b86f67-520f-4a11-b098-3e5395c27352,Alma,8/19/1952,Female,Indian tree pie
2b6c3d1d-2a93-48fc-89ad-39700cf185a2,Cassidy,7/8/1970,Female,Indian star tortoise
972c3e0d-fc81-4afa-9a43-e2ef014a3a11,Ryan,11/21/1987,Male,Bear
e7fc5246-114c-47f3-a1cf-3dc15c65f4e7,Logan,11/23/1969,Male,Eastern cottontail rabbit
35325572-657e-43bf-9aeb-ca3cd77e431c,Goldie,4/27/1964,Female,Gray duiker
5b643306-5a72-4669-937b-7df106612faa,Ron,7/22/1954,Male,Yak
8f71f50a-f275-4130-ad01-43d72f4f08ee,Aeris,9/12/1965,Female,Barking gecko
0bec5211-628f-4611-82da-966a8a1d19c6,Marigold,12/18/1974,Female,Common green iguana
795d56a9-f12d-49d7-a7bf-92bf0d01a440,Benjamin,1/22/1990,Male,Wolverine
2529997b-7b56-4895-bb61-299cd06a6f0b,Shannon,10/29/1994,Female,Common zebra
9ed9307e-4fce-4a60-a222-7e590a1178ad,Kamila,10/8/1952,Female,Cape fox
553cb3ee-cf42-44e8-8c75-37da1400afa3,Barney,9/18/1957,Male,Eurasian beaver
6507e216-bd1c-47e5-908a-355b7649fa2f,Marina,5/4/1968,Female,European spoonbill
24269a90-a806-498f-b171-837579fbf489,Leslie,7/26/1983,Female,Common langur
5ef2660d-21ad-401e-b4f7-29ccc07e65be,Elise,11/25/1967,Female,Vulture
e40a82c5-d2af-4536-a18e-02b185620a2d,Kieth,4/8/1974,Male,Collared lizard
fe023880-feca-48e2-b7fc-a9afcba9216f,Tyler,2/14/1961,Male,Herring gull
61f0a65b-6904-4917-bb62-d4e063cf8e4d,Charlotte,4/24/1998,Female,Impala
0ae3d0eb-c97c-4c30-a023-0c0c3f9ec1d7,Noah,1/29/1969,Male,Common wolf
12402a65-5b9e-4813-aa30-da28f54cdb0f,Kurt,11/22/1987,Male,Gaur
ca1cc8fa-8397-4e7a-87b0-815a3091e593,Sebastian,7/26/1952,Male,Fat-tailed dunnart
4f3be621-b8dd-443d-a564-7cd3194f82d5,Bart,7/5/1978,Male,Common green iguana
b79d1d15-be10-44f5-8552-b6fa5613bca4,Fred,2/21/1952,Male,Leopard
38d99ee6-69af-48c7-9e31-9102e4fe742d,Boris,2/19/1990,Male,Golden jackal
3ca13ee9-0727-4c3b-bf04-21fbb89570f5,Angelina,2/16/1957,Female,Barking gecko
528ce35c-052f-4bb0-b030-d27390c43826,Wade,7/7/1957,Male,Yak
19ac8e03-53aa-49eb-84a8-d2eabc61bcc0,Madelyn,1/25/1999,Female,Galapagos albatross
425711cc-c31d-4eff-aac0-308c75592f4d,Martha,12/11/1960,Female,Polar Bear
29b40a0f-f3da-44ae-a579-a00aa4eacdf9,Marigold,7/14/1962,Female,wasp
41b77560-a421-4487-8281-df8f284c5362,Manuel,1/1/1965,Male,Cormorant
163204c2-9714-48ae-9f3d-65db17fcb177,Barney,5/8/1971,Male,Glossy ibis
442ae73a-d67f-48cc-a77a-1291578aeccb,Ronald,4/10/1984,Male,Gray rhea
c2db4573-c489-43e6-bbb3-a67e7098443c,Freya,7/18/1978,Female,Possum
31797d8b-70dc-415b-b533-73220b862528,Abdul,5/28/1953,Male,Fairy penguin
25db5517-f6df-42e5-b720-3e429dce233d,Shannon,6/26/1980,Female,Koala
8f342c33-7060-4ae2-bd0a-6e852c824468,Chuck,2/7/1979,Male,Sloth
168fc10b-96d2-4de3-ba79-8185fd44ae8a,Stacy,6/2/1991,Female,Crested porcupine
9bcb90cd-8bd4-4893-ae40-41613396ef0f,Ramon,11/20/1969,Male,Golden eagle
aeda908f-aa9b-414c-9902-e5d3e9797101,Ruth,11/18/1991,Female,Indian tree pie
41e0b132-7341-402a-9f86-1663fdb76597,Gwen,6/9/1956,Female,Puma
ebe2d064-1ef7-4051-81e3-d08b0fd6b7d6,Chester,6/25/1991,Male,Gray duiker
ed75da07-d43f-4987-a5b3-b74afefdab70,Daniel,1/17/2000,Male,Groundhog
dbd61fb2-383d-4e58-a52f-34c0393ae270,Lucas,5/23/1965,Male,Caracal
57dcf788-0ff1-4a46-8c60-df13be0da4d4,Hailey,6/6/1982,Female,Bushbuck
b9ae8ba2-e8d5-41e7-9843-5be2e44e9a3c,Penelope,10/6/1987,Female,Cobra
327d1c70-865e-4625-92ed-1e261abb5d13,Ruth,9/5/1986,Female,Cape Barren goose
5b1bdf62-5849-4d5c-940a-6d8e655c1b86,Barry,6/14/1974,Male,Duck
41afddb5-d4a7-4fc4-bac9-06ae1529b810,Shay,8/13/1981,Female,Huron
26a80669-2b5c-4876-9fb8-4dc5ad638dac,Marjorie,3/6/1952,Female,Indian mynah
70dcd2ff-c46f-47a9-bca9-c6edffaeeb1d,Chanelle,2/9/1984,Female,Common shelduck
3acfe0f1-5cb9-417d-86a3-fef9d1700c79,Tony,9/6/1963,Male,Baboon
2b771029-8d19-4046-9b90-d97f80c0aedb,Owen,11/14/1959,Male,Bushbuck
2ec89dda-b5a4-413c-bfb2-d3c95ae700a3,Tania,5/15/1995,Female,Crested barbet
8f31429f-4ead-49a2-bf30-141f9c236f71,George,7/20/1983,Male,Komodo Dragon
086b2357-0fb4-4164-910a-de678f946454,Chester,7/9/1973,Male,Common turkey
a56c00af-df36-403e-a608-046629e3fa84,Tyler,7/19/1991,Male,Bald Eagle
20a9f7a3-5282-4912-a349-ddc90e623a39,Elijah,5/1/1955,Male,Grizzly bear
de83b65d-0328-4d8a-96dd-39b068b70c77,Makena,12/12/1987,Female,Kori bustard
d132d073-97de-4e67-91f1-053b8691f5f5,Carter,3/27/1952,Male,Huron
f0862e83-035f-4d3b-8fd7-1c650083f8bb,Tyler,8/10/1966,Male,Turkey
5ac87db4-5fac-4bd8-8939-621e7226a7df,Liliana,7/14/1969,Female,Eastern cottontail rabbit
82e26084-66cd-4d65-8469-fd3b1098c773,Percy,2/12/1956,Male,Great egret
8a2faa2c-03b2-4369-af88-33ad35a6c0fa,Domenic,5/1/1975,Male,Sparrow
8b2ad9be-c81b-4f77-9e94-b66fa495027a,Abdul,12/6/1966,Male,Gray rhea
01fc6a7c-f74b-45c0-8498-55eaccee7c0e,Isabella,9/3/1988,Female,Blue peacock
758853aa-cd04-4482-8438-a88fc3167405,Sasha,2/4/1987,Female,Blue-tongued lizard
127a5149-efd8-42f6-886d-3008883cdb53,Jenna,7/23/1967,Female,Gambels quail
cf4c007d-5f1a-451c-8a9b-b9bbe9829e63,Denis,10/18/1997,Male,Antelope
22f33e66-a01d-4811-8d2d-517728bfdf15,Percy,8/5/1961,Male,Dalmatian
c18d0515-38a8-4417-abe2-7e1fea23ad9e,Chuck,11/2/1983,Male,Galapagos sea lion
bee8a963-b17b-4b59-9ab5-953c453303ea,Julia,5/8/1956,Female,Four-horned antelope
ecd20b59-cdd0-44a7-8706-ffa4dad44baa,Bethany,5/5/1957,Female,Bushbuck
4fb7774b-a774-4fc1-bf8a-b779002febd0,Kieth,4/9/1963,Male,Golden jackal
c85e80f9-8f68-420a-8007-a5ebb1a697d4,Josephine,4/4/1985,Female,Koala
4adf9487-d6bd-4420-a0d0-69e44ad0da35,Madelyn,8/2/1993,Female,European shelduck
e4a07e78-e17a-4ca5-a07a-30a7b6b17be9,Jacqueline,5/5/1962,Female,Dog
e08ab110-22f0-483e-8123-7a108dcf4999,Valerie,5/7/1998,Female,Galah
741f4718-34c5-479d-8dc5-8df2f843418f,Lillian,4/10/1970,Female,Bison
10e4d835-c837-4cf2-b8f5-a1b5bd09ab6e,Matthew,3/13/1982,Male,Toucan
c68b0a3d-9285-4a2b-a73d-66ca6b7b3887,Caydence,12/16/1998,Female,Javanese cormorant
bb2b37ad-1ef6-4adc-b382-ca1d994d80f0,Bob,9/26/1985,Male,Brazilian tapir
8baaf848-e00e-4d35-8b35-42100fa4c602,Lillian,8/10/1991,Female,Eastern boa constrictor
24d8f7d4-b211-4e58-85a8-617ee6fab01c,Claire,3/24/1995,Female,Cape Barren goose
2a88cf6d-2597-44c9-a494-c36f21ef9987,Barry,12/18/1987,Male,Indian star tortoise
57166f56-4ac4-46dc-8040-da5adf681b38,Jenna,6/14/1975,Female,Jabiru stork
56ceee29-7fae-4f8f-a96a-bdc10be8911a,Domenic,7/22/1951,Male,Greater flamingo
11d465bd-9433-4202-aac6-adbbe47b4b29,Jane,9/7/1988,Female,Gray rhea
1ae485a9-0508-4156-af69-61447c15c40c,Elijah,8/25/1973,Male,Ferret
5995567e-2ec4-44e3-9203-8898bd34e0f5,Daron,12/13/1998,Male,Giraffe
89d8df89-e862-4269-9a0e-760fd2532f0d,Elijah,1/5/1984,Male,Common langur
a9d342b0-514d-4950-a1b7-52be84d23e4b,Gil,7/11/1991,Male,Galapagos sea lion
9ef5fd90-a082-4dc1-a28d-ae88a38220ff,Rufus,5/15/1985,Male,Common pheasant
2a04e0af-37c8-478a-8e4e-cf06caa9a696,Boris,2/15/1994,Male,Lemur
d3e7ae3e-c559-421c-8a1d-b41339f7966b,Maia,12/30/1967,Female,Ibex
6d5759c7-bf6b-475b-9c42-97f537ac0150,Vanessa,12/26/1998,Female,Blue peacock
d80e85bf-fd7b-4216-8b38-7e97a777eab5,Trisha,1/6/2000,Female,Vulture
6a942d38-0cc2-4a13-ae93-ad7a000e87e7,Naomi,9/26/1999,Female,Eurasian beaver
d2d33e6d-9b5e-4d0d-9a22-0efe1d39eaa5,Eve,4/5/1970,Female,Raccoon
8bf0a1d5-3572-4661-a207-842df7495215,Esmeralda,8/31/1969,Female,Vampire Bat
e8257373-6a98-4648-a3ce-557b024b08ff,Sarah,9/19/1963,Female,Black-footed ferret
0e7115a9-f900-41f3-9189-e628f1b303a3,Kurt,6/9/1990,Male,Sloth
225c54d8-5edc-4fd3-ac69-fc16370feef9,Rachael,4/14/1956,Female,Baboon
86cea19a-7a2f-488f-94a3-a3f804bb5041,Jamie,6/24/1994,Female,Boar
f8914c8a-3fbb-4156-a11a-fbdaba714206,Matt,12/15/1984,Male,Crab
9ae7c047-4f87-4367-89be-8ad694d107b9,Tyler,10/2/1973,Male,Eurasian beaver
b920bb21-bb9a-491b-9694-08e48cb86620,Peter,3/15/1976,Male,Horse
1e4e9072-cb42-4351-9d7a-eb5e6da2ee30,Jayden,1/28/1956,Male,Flightless cormorant
e6b5dd2c-f9e3-42a1-abd5-729b9fdf73f8,Carol,10/22/1994,Female,Common seal
aabaf854-cca9-4085-9a61-1971aaee613a,Barry,3/18/1955,Male,Possum
45c5a1b8-4585-4a14-935a-5124d61ff5b8,Bart,9/17/1962,Male,Jaguarundi
4f80f7ca-0042-4313-88cb-685c121e2188,Daron,6/14/1972,Male,Giant girdled lizard
f1906cff-d613-4455-a72d-ac3ac37a4459,Daron,3/8/1972,Male,Zebra
322cd7e9-acf2-48d0-89af-2b9b9f3e14a2,Paige,7/29/1989,Female,Chestnut weaver
03c44af1-c91c-49db-9f15-afdc9933a226,Georgia,10/11/1969,Female,Jungle cat
3203f7ee-8032-49aa-9e37-a902079467de,Ally,7/5/1963,Female,Eastern cottontail rabbit
5727008c-5580-490e-a6dc-0c5484c620d3,Harvey,10/21/1999,Male,Black spider monkey
4514bdb0-b248-4438-b4d3-0ae14420d22f,Mina,4/24/1987,Female,Penguin
890f7020-05f7-4db7-a7d2-506e88ed4daf,Sage,6/13/1965,Female,Common dolphin
98a339b7-fb9a-473c-81ac-5c3491703983,Rosalyn,2/22/1952,Female,Helmeted guinea fowl
4f2b7824-d98d-41f4-98f0-3216a1c4a396,Matt,8/17/1984,Male,Scorpion
c808f73e-eb05-405b-95ea-7c7180206cef,Ron,8/28/1962,Male,Wolverine
b962ef10-b49e-48ff-aa82-f61892ecab2e,Tom,8/24/1951,Male,Falcon
dba71374-2986-416d-baac-2e7f4ecb8732,Gil,10/28/1975,Male,Duck
5765e837-06e3-47c1-b598-3fc5861e8d29,Johnathan,9/24/1972,Male,Lion
3075b511-1f01-414f-88ab-897d00a41986,Mason,11/8/1991,Male,Gray rhea
f44d36f2-2806-40a3-99f9-7449a9387887,Rick,8/14/2000,Male,Scorpion
9b8aee08-9799-42dc-ba0e-9ea88e9ed665,Abdul,9/19/1983,Male,Yak
6b4fbb39-be0e-4b0d-95fb-9bf5c70368aa,Sofie,1/26/1979,Female,Hawk-headed parrot
a1030909-6681-49f3-aefe-6c0de3a55af2,Clint,7/28/1995,Male,Crested barbet
6143b594-e294-4588-83a6-96e6cb2364d5,Vera,6/9/1955,Female,Alpaca
8aa3d8ef-a1f2-43fe-abb0-4fc46a73e202,Harvey,8/27/1965,Male,Eastern boa constrictor
d3bbc02c-c047-470b-980c-626cd9bf9050,Carl,10/31/1966,Male,Wolverine
4372048e-44eb-4934-8f71-4b3b8c21960d,Tania,4/9/1951,Female,Dusky gull
156e7bdb-d1e9-431b-9ebe-bc0c2357ef87,Harvey,3/31/1962,Male,Scorpion
1fdc2709-3f2a-4d3b-b5a6-e98170e2ec3b,Sadie,3/27/1963,Female,Cape fox
28d5fcc5-15ab-4751-8b91-d1fd3cea4fa6,Hailey,1/15/1990,Female,American buffalo
290e4822-3864-4193-9df4-be362fc8f9ce,Georgia,9/7/1981,Female,Japanese macaque
295c2940-d634-4884-9d71-859d706cbc0c,Alessandra,4/26/1995,Female,Jungle kangaroo
d07e0b48-5c21-4e2c-8d07-c197aaf381b4,Johnathan,11/7/1970,Male,Bushpig
7d3cf334-974e-4cfe-ba67-c4411563ba2a,Jocelyn,3/23/1996,Female,Gambels quail
1a33b8f9-6667-4042-8254-8dfe919b8bd8,Claire,9/5/1957,Female,Antelope
7fb2fb73-2771-43a4-b348-700495f0c9bd,Karen,9/8/1950,Female,Collared lemming
b1706eb5-4194-4ae9-a00c-db77423fcb94,Miley,7/11/1971,Female,Elephant
a00e00cb-6cd9-458e-8460-f072ec32d21a,Ronald,5/19/1987,Male,Baboon
a0eede71-db73-4d68-bf03-d545d507875c,Bart,10/12/1953,Male,Jungle cat
a29f2bd2-3394-4948-af6d-6620d1161893,Ivy,10/14/1963,Female,African elephant
8e066b06-2bad-4bc2-8d9c-0272b3b65f0b,Karen,3/23/1963,Female,California sea lion
286fe837-d6d1-4ffb-84f4-fb46fc076d12,Karen,5/15/1997,Female,Buttermilk snake
8e35f4f6-5c47-4c43-8fd4-a68167b0b416,Gabriel,10/23/1997,Male,Bat
f8dcf051-42c3-4177-8d00-ce466912babf,Victoria,9/5/1989,Female,Fork-tailed drongo
513126a8-a5fd-4f30-9e1b-2866c22ef427,Juliette,7/7/1984,Female,Wolverine
62d06839-e953-4feb-a54b-d5b214e5472a,Robyn,9/2/1984,Female,Indian star tortoise
174b2bed-6061-4984-8ae7-a3acbddef51e,Tess,1/4/1989,Female,Horned lark
8c4708a2-c963-4802-ae90-10eec6249041,Chad,7/10/1993,Male,Toucan
0edc30b2-6e41-40e3-a60c-e9a672e23481,Barney,6/28/1953,Male,Duck
55ebe9ec-a1ea-4678-8dcf-3a6e9035bdc3,Caleb,3/10/1969,Male,Golden jackal
bb605392-31d5-41a5-b4fc-e4d4e33a65d6,Brad,1/25/1959,Male,Wolverine
6c40eda5-5042-4aa6-9caf-13e29d1bfbed,Hank,1/1/1959,Male,Blue duck
1e9e57b7-3f8c-4382-8dcb-a422a317fa11,Tom,4/29/1959,Male,Eastern quoll
e851f8a8-3de4-40c7-8799-a23d68658f51,Carmella,1/31/1971,Female,Komodo dragon
091ac301-d0e0-4263-98b2-a4d53d71832a,Cara,11/14/1955,Female,Snake
aa42e87b-6184-4a02-bde6-df8781408cd1,Owen,5/21/1976,Male,Leopard
81c67145-53ad-4a44-9ad8-f537802cf326,Denis,5/27/1977,Male,Bush dog
5ba1fa81-6fb3-4293-9c40-e3f969a3f236,Tara,7/18/1970,Female,Flightless cormorant
0abfec8f-fd34-4726-9db3-92bd97be6fce,Logan,9/4/1963,Male,Bison
1193eadf-5a24-4168-88ab-00663733c815,Lucas,10/24/1999,Male,Owl
301abdf1-85e8-4b6d-bc0b-7993e806c1c6,Michaela,4/21/1963,Female,Common shelduck
a32eec96-68b5-4ba1-9c38-833a0938c26c,Elisabeth,10/21/1984,Female,Bushpig
8d887fe3-5fff-449e-87b6-77bca7bf80d4,Chadwick,7/23/1954,Male,Common shelduck
44ecfcf4-6f82-4815-bef1-2c9e4e8f55cd,Mike,4/16/1989,Male,Baboon
f4e2614e-cbb0-4a8a-8ef1-9cf7bb29208a,Bob,12/8/1981,Male,Black-footed ferret
16a782f1-2a11-43b6-917c-588d1d7fcdfe,Eve,10/29/1984,Female,Fat-tailed dunnart
bafa71c2-8715-4f94-a24b-287a32ffbfef,Melody,4/24/1980,Female,Honey badger
91c60d75-6794-457a-8153-83e242b316fa,Hayden,12/6/1977,Female,Blue catfish
f720fde8-a6f8-4afb-baa0-6c94a0d2bb52,Danny,6/5/1970,Male,Bushbuck
2d66a653-1d0a-4995-949e-fd893001de78,Matthew,6/25/1960,Male,Cape fox
e7055592-d403-49e0-8d45-fb729757697e,Goldie,1/11/1968,Female,Hanuman langur
1e76d626-a1c4-4ede-85be-c224269774a4,Adeline,1/20/1969,Female,Black rhinoceros
d33e580e-3b4d-4ef7-b677-c69272421eec,Julius,6/14/1985,Male,Indian peacock
3dd15e10-b279-4d91-851c-9339a7337171,Sage,1/1/1961,Female,Crested porcupine
d9c7c9c5-50ab-4c3d-9328-e12790171050,Joseph,8/16/1971,Male,Chestnut weaver
39138365-a63d-452b-b88c-4eab161522ad,Skylar,3/4/1996,Female,Common pheasant
6b5bd614-8f27-4735-8b0d-3dac8badee90,Marvin,11/13/1951,Male,Fork-tailed drongo
57dc2454-cd01-4b57-9155-0e0cd2dd7e2d,Michelle,2/5/1951,Female,Snake
39809ecc-1ff5-44e1-a788-73c8e110aef1,Cadence,12/25/1960,Female,Giant heron
5c9432a1-645d-4759-8408-c2bf254b947d,Nathan,6/3/1977,Male,Gray duiker
01da97b2-3309-40f3-a197-b53639f5c88f,Tony,5/20/1996,Male,Fossa
402a5b08-32ca-4b04-8a41-f5ebf8df4f32,Logan,2/28/1997,Male,Dusky gull
ac7f88d7-bcb4-4c3b-8d20-647d91951d93,Bridget,8/2/1974,Female,Komodo Dragon
a65d0c34-0650-4fa7-869f-3b1021ce35ec,Vanessa,11/3/1993,Female,Fisher
7884e88f-afdf-4107-abcd-a5ae02b99f61,Beatrice,11/26/1966,Female,Kaffir cat
ffd9ab5e-d47e-4ea3-828c-c157f30cbe1d,Livia,4/4/1955,Female,Dassie
a767502b-7072-4727-b2ea-2b02df91e33f,Rufus,9/19/1980,Male,Dama wallaby
f559d731-fd96-465d-a2fa-10efe3ac06bb,Phillip,5/2/1987,Male,Fairy penguin
be19c798-70df-4221-a034-d1f27fc8f5d3,Peter,8/25/1971,Male,Dabchick
2539752e-6d2d-464a-a5c9-63c1c39eaed6,Harry,10/11/1967,Male,Eastern fox squirrel
38dd6ec4-02ac-4bc5-b92e-509e164d7ec3,Rocco,2/26/1998,Male,Black-tailed deer
60dfe207-86c1-49a7-b59a-ad3512373e0e,Boris,5/7/1988,Male,European spoonbill
68e87a6e-71d6-4cf1-9117-dd65d92304b9,Kieth,11/24/1967,Male,Eastern fox squirrel
b5f44260-e601-4267-af0b-3cf1e3200af0,Nicholas,6/2/2000,Male,Ant
4953782f-dfdf-4d76-8d37-3a75ca272801,Noemi,2/22/1993,Female,Black spider monkey
4ed37be0-c79a-4cb7-a249-76befaaa7970,Ethan,6/10/1955,Male,Polar Bear
7f6bb1a5-5fad-447d-8c26-e017a7011884,Domenic,9/18/1989,Male,Bison
90ed605a-81e5-4aae-acce-06682cdda5cd,George,10/13/1995,Male,European wild cat
ec6cbb7a-e339-47ac-ac42-37280f7df427,Francesca,12/23/1979,Female,Fisher
66b65766-3834-4f0e-9cca-87d25bc3fdc4,Owen,8/10/1962,Male,Barking gecko
80593e15-fa96-483d-856e-7b1ce9e90b8b,Barry,7/2/1951,Male,Fat-tailed dunnart
c1ff7df8-ece5-4fb0-b214-e140e72ce8a8,Margot,9/26/1951,Female,Chital
9bc53a4c-0947-4537-963d-dffa7b58a9c2,Marilyn,3/1/1979,Female,Japanese macaque
09611344-9d9f-46fa-bc2e-19a92a020fb4,Johnny,10/20/1981,Male,Deer
8cbb0556-54f3-40aa-b7bd-a5aa77971c49,Julian,2/9/1969,Male,Burrowing owl
9a8caede-5d07-4ec1-a176-7ff5278d5b1d,Chad,8/18/1982,Male,Indian tree pie
b5295733-4e3b-4e20-9d6d-8d8a8e3634a8,Doug,2/20/1985,Male,Giant anteater
e45fcd9e-a23a-4d37-b955-f2f84bbd5f8e,Caydence,2/26/1958,Female,Dalmatian
42fa72e1-7a46-4de9-8dd8-0a52cdd3c033,Benny,6/27/1995,Male,Brown capuchin
9e395c83-7b08-4bf6-966b-ac4a9b8dec4a,Emma,9/12/1951,Female,Wombat
c669bbd3-65be-45d1-b78a-0cda9371bfb3,Trisha,5/8/1971,Female,Kaffir cat
a74ac20b-b70e-4aa4-a6cb-29ae29c63185,Michael,3/27/1958,Male,Monkey
be6ccc94-d62a-413f-ae87-23f138914aba,Logan,2/5/1962,Male,Common genet
6b1c07c0-b9ec-4a0e-9f71-f8e492f486d3,Aurelia,2/15/1989,Female,Feathertail glider
cad078e6-3273-4233-a7bf-0fc29edf66ee,Manuel,2/10/1994,Male,Albatross
bbc6a771-e1e0-4b1d-83c7-43088c4f0cd5,Colleen,9/23/1977,Female,Galapagos hawk
3e1480ef-1929-48c8-8953-c666ea480d50,Cedrick,10/5/1979,Male,Four-horned antelope
96dbb6b6-c708-4a20-9b1d-f17980bfb1ab,Anais,3/30/1968,Female,Panda
8c27fa2d-b300-4ce2-bc5b-963add0bc9fa,Nicole,2/11/1986,Female,Desert tortoise
3cda3184-1862-4290-9bfc-6629cccc9413,Javier,10/20/1977,Male,Elephant
904a772a-c976-4e19-bce3-7a23520a4b1e,Vivian,7/9/1957,Female,Cape wild cat
28e45860-02e5-4830-b48c-52141247309b,Macy,12/20/1985,Female,Deer
d46d7ad4-5b9d-408a-84c3-db18640be751,Alba,5/24/1969,Female,American buffalo
37ef44d2-d7a5-4bbd-a262-dcf4dfd35bf1,Manuel,9/22/1958,Male,Javan gold-spotted mongoose
79c0ebac-6166-46c7-88f5-e2d8d7c73164,Livia,7/9/1963,Female,Possum
c3215201-62e1-4f89-9e18-3255c4608b43,Carter,11/1/1974,Male,Chipmunk
dfe469fb-fb3a-4235-ab2b-2252cb516979,Roger,1/6/1974,Male,Fork-tailed drongo
6e7aa7f0-40a6-4fa8-8d48-079416f5ba43,Jasmine,10/24/1978,Female,Hedgedog
b2cc1efc-112d-44cd-8cf7-3b8f0df38653,Martin,6/7/1963,Male,Great cormorant
5b5847ce-ec81-4ad5-a4bf-a7b953dbe455,Adalie,4/27/1992,Female,European wild cat
0a9bc69f-f67e-4d87-bf37-19d3ec1bf71d,Shannon,9/7/1994,Female,Kudu
d6128334-ae64-4ddc-9f76-c2ddc386d372,Makena,4/28/1966,Female,Calf
d0f3564b-d919-4d07-8e90-d8e49d7aac51,David,11/20/1998,Male,Great egret
210666fc-b65a-46f9-9a69-0556f4041dc4,Belinda,11/26/1964,Female,California sea lion
7d09a377-89f7-4678-a626-04a06c956b8c,Mary,10/13/1981,Female,Burrowing owl
31fc9ea7-ce24-44bc-a2af-9678b789bf5b,Josh,8/17/1975,Male,Fringe-eared oryx
1e09b50d-f922-4bf5-99e8-6f56f98fef7c,Alexander,10/24/1970,Male,Lion
74a83397-dbd0-47c2-b4e2-4a297f63aafa,Jayden,4/4/1999,Male,Deer
f8e18809-45c2-4469-b8c1-fe95fb241118,Mark,2/22/2000,Male,Bushpig
1a2ad241-a18b-472e-81cf-b589c6668bf9,Nicholas,11/1/1968,Male,Great white pelican
98b94361-0f08-494f-9a63-a8c278b3ec03,Stella,1/26/1960,Female,Deer
01934382-e859-41f3-9509-8b030118e8b2,Livia,2/17/1975,Female,Dusky gull
22778e8a-c128-4f48-a73b-6791e24a1e31,Bart,6/8/1964,Male,Great kiskadee
2ff8cc43-f0b8-49b5-9b82-56146dc49dfd,Bryce,7/24/1975,Female,Common turkey
3936989c-4928-43a3-989a-81970d83f197,Noah,7/7/1970,Male,Falcon
64afed84-6209-4158-9dbd-50321acc93ca,Meredith,2/17/1963,Female,Griffon vulture
80305784-a90d-42a2-9ef3-4e22ea42d3fa,Bryon,5/19/1999,Male,Baboon
3a7b34c0-3b76-43ff-88b1-720448ce7131,Henry,12/17/1951,Male,Eastern diamondback rattlesnake
ca102289-b79d-4e38-ac2b-6df6e39fcf1b,Phillip,4/25/1991,Male,Buttermilk snake
50d709a4-87d0-42d8-80a5-8af3bf0daf53,Chadwick,3/23/1978,Male,Downy woodpecker
164e272b-24ab-449d-be7a-84e1cf5f0988,Cadence,4/5/1981,Female,Giant otter
488a43f5-791b-44a6-ba4c-06f91404be98,Tyson,12/26/1962,Male,Japanese macaque
e7bd7ad7-fdf9-41c3-992a-01a8470e14ec,Agnes,7/27/1971,Female,Rat
a6f965b3-3d72-4aa5-93f5-f7d98d61022a,Lillian,12/6/1998,Female,Common langur
91fea83d-0a5b-4b17-8925-4bdf72e3f8d8,Mark,4/22/1999,Male,Blue fox
ad4be98e-bdc0-48d3-b1e7-9f6b8ebc2a79,Dorothy,12/25/1995,Female,Dromedary camel
023c7a20-1c53-4b9c-bfd0-11ffff6e87fb,Rihanna,11/21/1958,Female,Burrowing owl
2a1f138f-da10-4d5e-a690-913a6c882f71,Anthony,2/7/1971,Male,Glossy ibis
fde0284e-c917-4a99-836e-c490285e8e11,Matt,6/3/1953,Male,Vampire Bat
a48c56a3-c7f1-48a8-8dcf-f9e06cc87495,Abdul,3/28/1977,Male,Downy woodpecker
483ed999-369e-4ddc-adc8-ac512fe55e3b,Rocco,4/29/1951,Male,Deer
e8eed812-380b-4779-90e9-e720d892497c,Johnny,9/20/1970,Male,Owl
e4ddc289-02a6-486c-94bf-7dcc6002015c,Anabelle,3/4/1956,Female,Galapagos penguin
a1a470c6-5943-4207-bd85-ab47aff85fac,Camden,9/5/1961,Female,Indian star tortoise
a4b77ac5-a9d4-4b23-a7ce-ccc3e2ef2ee9,Ron,3/3/1984,Male,Horse
ab28d796-33fa-40ba-8e53-ee25f7f690ee,Oliver,8/24/1974,Male,Weasel
997c8635-72e9-4e22-b4d6-e3e5c57ab2ca,Marla,7/7/1986,Female,Lemur
575bfe85-1771-4256-b71c-79e6423fe67a,Domenic,12/16/1964,Male,Blue fox
3f129508-3ab5-4e5b-aab4-2566cfa4ef3e,Jackeline,5/15/1995,Female,Common langur
3ff7ec93-b401-4f74-a501-e740564b6fda,Sofia,8/7/1992,Female,Carmine bee-eater
fb3e3247-2cd4-49f5-b30a-5c15817c4c7e,Sebastian,10/25/1963,Male,Deer
b4d8064e-75d3-4309-a357-3a0d6ebf95b4,Owen,8/29/1981,Male,Egyptian goose
c11517cc-2fb3-4231-9ac2-842f2f998ef9,Rocco,11/5/1989,Male,Black-tailed prairie dog
8ed394f7-4f75-4b80-aa51-7637d5e9a067,Jamie,1/2/1993,Female,Kori bustard
7d86e1e5-378d-4452-b45f-2b91b950a5a8,Denny,5/24/1954,Male,Killer whale
eea8057c-6bd9-471b-9ea1-c181efc69f86,Karla,10/24/1981,Female,Gray langur
a1646f74-7454-4012-8365-678dadc0ebb8,Regina,10/2/1994,Female,Galapagos sea lion
9b8400a0-a695-438a-a255-478f5f0d0b51,Regina,7/16/1979,Female,Greater flamingo
d103d1ca-7c31-47d4-b711-cfdc37b24240,Hadley,5/7/1959,Female,Chicken
ef23b1a7-f4ba-499f-b54c-8a4ed3e702e9,Kaylee,2/23/1994,Female,Gorilla
6734d67b-453c-4602-8549-f3d0c0f9c037,Carmella,3/17/1966,Female,Penguin
a3bae8b4-afad-4bb4-903f-0db0db865250,Hanna,5/7/1962,Female,Polar Bear
1f0a4f41-bca3-45ba-8ee8-5ef68ba6865e,Melania,3/12/1973,Female,Great horned owl
3d804e96-7a10-4a85-88e6-eef2c7b67bfc,Marla,1/4/1975,Female,Crab
d5bd235f-8e75-48a3-8747-04ea083b6d50,Grace,4/22/1995,Female,Bush dog
0fe4d78f-38f0-405a-9d09-56a4071000cc,Hayden,12/26/1981,Male,Great cormorant
cac34cef-5e01-4e83-ba34-200a1d9fd37e,Barney,1/1/1956,Male,Kudu
489109f0-ee8e-4ed4-8435-01eae759a568,Percy,6/3/1976,Male,Brown lemur
1100ecc5-7960-4e8d-bc5f-7a5bec1589ad,Nate,2/28/1986,Male,Crab
b1d2ec37-461c-4247-b0b5-6cc36e014caa,Harry,8/20/1998,Male,Coyote
871e868d-e962-403d-9563-7b9409bb3434,Paula,6/23/1992,Female,Fork-tailed drongo
7d6d8ec3-2d5c-4dc1-b793-0d16dd788d6e,Clint,7/26/1959,Male,Canadian river otter
f86c3e99-864c-4b36-b825-2d9a064a4812,Julia,10/21/1966,Female,Blue catfish
bd978b47-2615-494b-8b07-462f4723980d,Barry,4/25/1995,Male,Eastern white pelican
b25578bd-5bd5-4d1a-b11c-6738d185e5c0,Mabel,8/4/1977,Female,Mouse
1d7db6b1-fbd8-4f2d-9e5d-ae2c81368830,Liam,4/14/1952,Male,Boar
8d2ffb88-0183-4f70-a9a9-3219e15f1cdb,Marjorie,10/31/1968,Female,Canada goose
3d7dcd29-05c1-4797-ad8e-b1239ccd9862,Melanie,12/29/1951,Female,Dusky gull
e7736514-ee48-4ef8-a898-03bc6250935a,Anthony,11/24/1986,Male,squid
d5103277-4139-4662-8c2f-956f2456925a,Kurt,12/10/1997,Male,European wild cat
5977bf8d-2d8f-4a8b-8264-67dcd1ff598e,Enoch,11/11/1951,Male,Hawk-headed parrot
817c57f0-a7a6-46f0-8b44-a20721122517,William,1/28/1955,Male,Weasel
68974c66-c4ff-4b99-91b6-98c7fa522b6e,Julia,4/19/1968,Female,Baboon
0127a2f8-2a9f-4e1d-bab5-4dcd127702dc,Taylor,5/15/1980,Female,Catfish
8966cd57-8a8a-47fb-91b6-f11df24c2b7e,Dasha,1/11/1952,Female,Killer whale
4d5e6448-f03f-453d-ba94-251c0b27a1e0,Rita,10/27/1956,Female,Fairy penguin
8f09e66f-8ba6-43d3-976a-a2bab26a7095,Stella,1/20/1980,Female,Collared lizard
ef03f4f5-cf47-4e6d-9382-5e18d9bf3e98,Regina,9/25/1993,Female,Polar Bear
4a5ec40a-54e8-4b4d-b485-5fe89d546ca2,Clint,8/27/1969,Male,Cereopsis goose
5a187835-4c8e-40f9-8719-285d0cccf0e7,David,5/15/1991,Male,European wild cat
0886db96-2a53-419c-a5ea-f3e8d8226262,Camila,3/11/1968,Female,Indian peacock
614291f8-fd60-49e7-bd4d-4ddb0ca9f139,Rick,4/9/2000,Male,Barking gecko
bb043001-fab8-49a5-9ad0-4e302dd35695,Nate,4/8/1990,Male,Clown Fish
f0e8adda-5b8f-4fd4-a953-7bf9070810f0,Domenic,6/10/1967,Male,Canada goose
9503ba40-c864-4e23-8e3f-ae893f49d035,Carter,1/14/1967,Male,Harbor seal
20a308a3-a66a-4069-b335-369d3b194450,Bob,5/31/1955,Male,European shelduck
f4df7288-1f23-47ae-9651-ef0244d577e7,Anabelle,12/9/1972,Female,JellyFish
9fdb7c63-4470-489e-9d38-d10bb6cbf14a,Bridget,8/16/1985,Female,Dama wallaby
82f10692-d402-4f58-88ba-27b51d999707,Claire,3/16/1951,Female,Common langur
c2792f5f-4fa0-44f5-a125-3c54d878c54d,Erick,8/12/1953,Male,African lion
4f4abfdf-bc9c-4715-83c0-1db19c542d2c,Raquel,6/19/1951,Female,Deer
e454d688-b566-404a-a398-5d9dcb0fa31a,Faith,5/8/1957,Female,Burrowing owl
f3d6bb21-8fb6-4c70-acef-270af42497ec,Rufus,10/23/1960,Male,Blue duck
675477ba-e128-4a9b-9ad4-9063828901a7,Sharon,11/19/1963,Female,Gray rhea
bf2a64b2-c509-40ae-b68e-e8a6ff5947fd,Eryn,2/29/1992,Female,Jabiru stork
3bb60853-c5ab-4891-96b7-710ac713a93c,Nick,3/30/1988,Male,Hippopotamus
e5ad3294-ad60-4bc2-8ae8-614812730e12,Francesca,2/5/1972,Female,Hoary marmot
f1aa8182-4137-4522-be4a-fcbdd11e78db,Melinda,10/2/1968,Female,Ladybug
aede786e-2bc6-4e44-ab50-d4e47a7c086c,Sofie,4/15/1974,Female,Jabiru stork
40f630ee-113e-45f5-8fc3-79d16677205d,Clint,12/29/1983,Male,Elephant
42c409c8-70ed-46a4-a39f-180ce4ef4ca8,Kenzie,4/28/1994,Female,Harrie
5daf12d9-40ff-4980-a03c-ac81b68a1fd5,Daron,3/24/1977,Male,Collared peccary
723b032d-2676-4cb0-b936-811a690a13df,Kurt,3/21/1993,Male,Rat
bc63db19-c55e-4027-801a-cf948ac4c843,Lauren,11/17/1962,Female,Shirmp
84ceaf41-ddf9-4b4a-8f62-719d6d3b3729,Carl,9/10/1971,Male,Ladybug
be736ff1-bf90-4b1b-97fc-6d2bc702e89f,Eve,5/6/1956,Female,King vulture
6f84c5c7-986a-4c24-afdd-d3a0001c2156,Greta,8/31/1996,Female,Kudu
cb39b842-21d7-4b7b-9825-2fa6ad8b551a,Wade,7/16/1977,Male,Hawk-headed parrot
f560298e-fc6c-4223-83fe-13cbc52a8fc5,Marvin,6/1/1981,Male,King cormorant
c7115481-7808-4992-97d8-8489c7a2b95a,Vicky,8/13/1988,Female,Owl
52ed60af-3b3a-4437-aed6-c3e807fb3e97,Parker,4/8/1982,Female,Blue-tongued lizard
6499805d-c121-4fd5-9092-0d5d79f61280,Bart,3/22/1981,Male,Deer
83ec2442-8898-4301-a220-f0b803eb0324,Michelle,6/19/1953,Female,Weasel
9a414650-0739-4d07-a291-f9ccf39771b5,Benny,12/23/1968,Male,Black-tailed prairie dog
8b9936a4-5351-4972-9309-75d0b19b874c,Ivy,5/21/1992,Female,Cat
68743cbb-65d5-4e60-bd44-5b522b650727,Adela,10/15/1966,Female,Hedgedog
d652c3e3-5d29-4a4f-a990-7b25609c9d37,Barry,7/9/1990,Male,Coyote
15a06af7-fb17-4a5b-aa3b-d092d8b27af0,Phillip,8/28/1958,Male,Tree Frog
f52ac3fb-f503-44ab-bd32-32258d89b4ac,Christine,6/5/1973,Female,Capybara
33f9614a-161d-4bfc-bcce-56b1d982af4e,Domenic,4/4/1963,Male,Cape Barren goose
8603dbf7-16b9-4d1a-a1ba-da3854145401,Ramon,8/12/1979,Male,Black-tailed deer
1943fdf1-6147-4328-9764-c7a70ee8b001,Jocelyn,2/3/1993,Female,Black-capped chickadee
38e6ab3a-00d2-43dd-a5e8-29cf2ad828b7,Charlotte,8/30/1997,Female,Black-capped chickadee
dead9740-7adb-4ea8-b8a4-d3fd6132c64c,Roger,9/15/1956,Male,European beaver
4493ffcb-18b4-4be3-9a65-2dbb622799bc,Carmella,11/12/1952,Female,Giant girdled lizard
1e3a5a89-1288-4ff0-b9a2-ff61de40b354,Dorothy,12/13/1999,Female,Blue fox
63aa534f-3910-4f77-bdad-19839d897fb6,Abdul,10/16/1961,Male,Javanese cormorant
f2af8b77-9312-4f1e-b84c-077ebf257d06,Gloria,5/3/1953,Female,Horned puffin
14c2c399-f068-45ee-9157-842351383d1a,Gloria,9/19/1969,Female,Common genet
879b5d8f-ab51-4017-836f-a2e932307c32,Marla,1/16/1985,Female,Hamster
f3396738-1de7-48af-a555-b03b295c6111,Allison,1/18/1951,Female,Gray rhea
e1538324-db7c-4780-af35-9f945a3343cc,Jacob,7/12/1976,Male,Bushbuck
0cc8e54e-246c-460b-a334-edb71ba7c0a8,Sebastian,9/30/1966,Male,Galapagos mockingbird
b375739b-d332-4964-b456-24e98786a244,Sofie,1/19/1981,Female,Galapagos albatross
b39e2ce2-cda9-4dfa-8961-8e74f132ea0d,Joseph,10/26/1994,Male,European shelduck
601a0340-1099-44b3-8b03-bbc75034c4c3,Nathan,1/26/1974,Male,Leopard
be06ba86-f7f7-4898-9009-095645a4a0e1,Alexa,6/20/1964,Female,Feral rock pigeon
1f56fc4a-8a84-4775-8129-0667a58c09c7,Nick,2/4/1976,Male,Indian star tortoise
3aad874e-0fbe-491a-a5ef-0a1c4ec0c4d4,Domenic,5/18/1991,Male,Burrowing owl
3e395229-e54b-4f7f-bfeb-406bb89d7fe8,Boris,3/14/1951,Male,Snake
6338fc5b-7bd2-494d-a856-5c3d42d0e4b9,Alba,10/20/1997,Female,Cobra
85f24d85-1ea6-4579-a32a-bdc5256d8d68,Brooklyn,12/29/1965,Female,Gaur
28f260a2-8825-4a6c-af79-4888fb81e410,Anthony,11/12/1968,Male,squid
1161edca-c125-4aa2-b60c-065b2a628a8f,Mary,10/12/1972,Female,Penguin
872dc78d-f6b2-4e70-9cac-f4f4ea4b12cd,Madison,10/9/1965,Female,King vulture
f2dfe9ad-9b65-4f92-8763-d0153228b13a,Jocelyn,6/10/1979,Female,Eastern diamondback rattlesnake
48a74c47-2f16-4e7d-a1ea-58601624c574,Harriet,3/28/1997,Female,Dodo
569f98df-ec77-4054-98ec-ee76bf692c13,Ramon,3/1/1979,Male,Avocet
b0a7f10f-92d7-405c-8be7-814a01de6fed,Kieth,9/29/1990,Male,Indian peacock
7f5ba8da-a156-4e62-8c12-04cba5e5d405,Lucas,10/25/1997,Male,FireFly
b23a9f0b-0e63-40be-89a8-01a32d3de2d3,Sharon,12/2/1950,Female,Fisher
749a033e-96af-4b55-bf0f-8e96c61936d8,Greta,1/13/1997,Female,Ibex
12c2d0fb-f077-40ec-8d4e-60210cc2eb8b,Janelle,6/7/1997,Female,Somali
acc44b2c-54c7-41a2-8ffb-88ce38b815ff,Roger,2/8/1974,Male,European stork
ed57c41c-3471-4f42-b40d-5b824bfbfd09,Fred,8/19/1971,Male,Frilled dragon
aa6d212b-bcd9-4cda-8940-ba9212872ea8,Callie,4/3/1997,Female,Raccoon
a7c2672d-551b-4e5b-b2b7-e72e24c68631,Karen,11/11/1968,Female,Black spider monkey
ff563066-384b-4c9e-87f3-224505d9908b,Logan,2/7/1992,Male,Dromedary camel
7e88507f-5405-49f1-974a-435b661e1fd3,Jacqueline,12/18/1951,Female,European beaver
f2fca1ab-cec0-4f17-ab4b-1c49af8bdcb6,Gina,1/27/1996,Female,Gray duiker
3df40f55-3651-4bde-b6ae-f786182daaa6,Doug,3/13/1973,Male,Indian giant squirrel
3c67f65c-1eae-46d7-a1af-c347e27b9a96,Fred,12/2/1966,Male,Indian mynah
ce15abd3-c25d-4606-8ece-aaf685f0e2e9,Mike,4/25/1990,Male,Ant
f463f2e5-3784-423d-b69b-4c2daa00ee77,Cameron,7/22/1975,Female,Fringe-eared oryx
126cf521-6d6c-430f-b30d-c8b006031dde,Rosie,1/11/1969,Female,Toucan
f521b5a3-4c29-45e4-8b49-21e512d99c82,Maia,1/2/1993,Female,Gray heron
b7b39643-5c0c-4dc9-9559-55b111657c7f,Aileen,5/12/1977,Female,Chital
57618b31-6fac-4949-8859-5ce98897974d,David,5/31/1957,Male,European red squirrel
11c94625-e83c-47a5-b26c-ffdb9f413c6d,Marie,6/26/1979,Female,Galapagos tortoise
f25eeb2a-d22c-44f7-8607-852ecbfa9357,Tyler,9/27/1973,Male,Avocet
5a8fff60-888d-4e09-b0f3-24a5ae11dc36,Bart,9/7/1958,Male,Vulture
a84a86f4-4f90-4c4e-857a-bd8396a7f12c,Charlotte,3/25/1978,Female,Galapagos penguin
63ca0d12-6394-4072-888f-23de37596cf5,Marigold,5/13/1974,Female,Dalmatian
9ed699b7-344f-46c3-a56c-1076ecab56b3,Chuck,10/13/1955,Male,Collared lemming
1ec3a420-6501-40e9-84a1-d0968ba5ddd9,Destiny,8/25/1960,Female,Harrie
80b0f81a-cce3-4105-8a2d-e64ef20b117f,Agnes,11/29/1951,Female,Deer
ed111eb7-4ada-4229-9275-1ee6dc7baaaa,Judith,1/24/1967,Female,Red Panda
3e8d315f-cd04-4023-9926-729249926661,David,10/25/1977,Male,Cattle egret
2eae93ea-20a1-4bb9-9392-9c402e9f7000,Michael,7/17/1998,Male,Collared lizard
14da7014-a179-4578-97e6-077160f3c3c7,Kurt,2/15/1987,Male,European spoonbill
e52889c4-2402-49d4-88ca-886563eee4f9,Owen,7/10/1974,Male,Kongoni
11af335d-c664-4c9c-970d-83d077e111c9,Gil,2/3/1953,Male,Eastern grey kangaroo
e34f9717-0562-486f-838f-980f54809d68,Chadwick,3/12/1964,Male,Great kiskadee
ce7e6574-d50e-42f2-98ed-db201f14b098,Daniel,8/31/1974,Male,Catfish
8be0684e-8020-4f91-98d3-eb1f63b73553,Trisha,8/21/1976,Female,Blue fox
179662e3-7a40-4271-bcc4-4425ad046b9a,Leah,7/13/1990,Female,Killer whale
df3932af-14d7-4f0b-a8e5-6e5a6eab87b8,Adela,5/27/1971,Female,Groundhog
43b41caf-da7b-4805-9202-25c24102fefa,Chadwick,3/26/1994,Male,Falcon
453be578-5b2d-48de-8068-2cde8cbfa764,Peter,5/13/1952,Male,Fox
14259303-9fd4-42c1-aba1-9799b9ccecc5,Chloe,2/20/1976,Female,Horned lark
e49ed5a9-00ff-4ea9-9a98-8dfb736cd8bf,Alan,4/1/1952,Male,Sloth
856e99f4-b75a-4f70-8710-406494ce5908,Danielle,6/17/1997,Female,Possum
ecbe3261-bd56-4892-a247-43cccd9ba906,Josh,8/7/1997,Male,Blue fox
db576960-da5a-4fa0-870b-f1f12ee6922d,George,3/14/1961,Male,Cereopsis goose
52c7700a-6894-4790-991c-fb28bafa89c9,Paige,12/21/1972,Female,Red Panda
98af3ce2-1bf9-461b-8207-cb432643707d,Rachael,12/27/1984,Female,Baboon
56bf73be-f539-4e99-8ee8-bee57605fb15,Aurelia,11/15/1965,Female,Toucan
cd039039-37d8-4b1d-8228-56ceba5d03e3,Eryn,10/29/1987,Female,Horned rattlesnake
cf0a9b98-428c-4d14-a0e1-a4f550ca0a7b,Dakota,8/1/1993,Female,Euro wallaby
21d0900a-db0c-4817-bc46-6843bc8d618a,Erick,7/14/1985,Male,Seal
719b0179-af77-4cbe-9fd9-22d0ff5dbe80,Alan,6/6/1983,Male,Jabiru stork
f3cc9457-7ab0-49f9-b18a-4d6fd363ff5d,Danny,10/26/1978,Male,Raccoon
53dc0ffe-1e78-432d-b38b-2f6fd075f997,Tess,12/28/1997,Female,Boar
70975e66-8a38-4bc5-a7aa-46987a149a45,Ronald,9/22/1978,Male,Cape wild cat
e55a9218-f284-4251-b764-25733d6e55ad,Sasha,9/5/1980,Female,Collared peccary
fcf1afb3-2aad-4e91-b2be-ed4ea014ea59,Javier,4/3/1987,Male,Dusky gull
8b6c2cff-b2e2-4dbf-a350-f990d102391c,Maxwell,12/26/1993,Male,Blue shark
32addf1f-cf16-467f-8b89-69059bbfc457,Bob,5/20/1971,Male,Hamster
9d864c25-b96b-43a6-9713-aa615b19c7ff,Enoch,9/27/1969,Male,Bushpig
6c5d7019-a33e-4f8a-a689-9dff4ef112fb,Wade,9/6/1998,Male,Snake
fade2224-aaaa-4b31-a3f2-6d5d2b4ca3d3,Bob,9/18/1996,Male,Cape wild cat
7a86a094-a739-4b1f-bd43-bf2aa16ceadd,Kenzie,12/2/1955,Female,Gray duiker
6d927fc7-89b7-4f41-afc4-de2ccd671802,Ivette,6/14/1970,Female,Cape fox
c7ae4356-13ad-488c-9b10-5ab9ff8ef197,Daria,7/21/1962,Female,African elephant
f33fa1c2-36f9-4890-a074-05b6c0cfb093,Ilona,9/23/1958,Female,Collared lemming
2b9873db-1201-461e-9dd8-5abc854fbd59,Harry,1/8/1981,Male,Black-tailed deer
5e2fc62a-3aa8-4e29-a924-1f97b88a4457,Danny,2/17/1974,Male,Javan gold-spotted mongoose
cb90b1e2-0acf-428b-ac3c-3ab60dc75063,Sage,7/16/1965,Female,Duck
745fc380-52b2-4df8-a0aa-8b8ba2336cde,Alexander,6/12/1989,Male,Clown Fish
2d61eee1-de38-4caf-be30-b44173ea5483,Lara,11/8/1952,Female,Jungle kangaroo
b81e3cdd-d4a6-41bc-b7f8-8d8e32172011,Ramon,3/26/1969,Male,Common wombat
7a306bea-f43c-4861-a6f8-d375834996dc,Barney,2/11/1975,Male,Possum
740034a5-445f-4b55-aae7-a8ab78ffd01a,Emely,6/17/1991,Female,Kudu
344978ad-08a9-41b3-9556-705390a05c26,Sasha,8/2/1961,Female,Owl
5c0c329e-746b-4815-a678-d421223c3475,Naomi,11/10/1992,Female,Dodo
788f3ea9-02a9-4b15-8f6b-6c04f913c465,Sylvia,12/21/1965,Female,European beaver
d343a45e-8f4c-4a5b-9c86-c510bde43ac9,Tiffany,5/21/1981,Female,Arctic fox
0352d2f0-92e0-4e78-9f58-785e5ac93ca3,Rosalee,11/9/1984,Female,Brown hyena
3b373c70-cae3-4d94-a389-38754fdcb40f,Benjamin,2/21/1978,Male,Black spider monkey
4e0b51ca-56f2-4afa-8101-64187f02d005,Nick,1/12/1969,Male,Indian mynah
b4af623d-a239-4c89-a718-26d2d13b1a71,Russel,12/21/1959,Male,Indian star tortoise
0ffe7089-4b94-42bf-85d4-1cef9ed33438,Shannon,6/3/1967,Female,Eastern fox squirrel
217abcdd-23af-4f6e-9a8e-48bb2338b8b4,Bryon,5/22/1951,Male,California sea lion
850a02e5-cd36-439c-be52-2b84d66b97f5,Marina,7/24/1978,Female,Fork-tailed drongo
7fe59a6a-1056-4222-969d-523588e851ee,Abdul,6/26/1952,Male,Common wolf
c0d91184-f484-47a0-9015-687a7472b799,Andie,6/16/1974,Female,Burrowing owl
3585becd-6640-4272-96f0-fe89721c8f62,Doug,8/4/1981,Male,Giant heron
409c19fb-dc5a-4faa-8a07-8271f49b5806,Ethan,5/13/1989,Male,Caribou
2e0f39af-7aff-433b-917d-9db7d3d89517,Camila,8/25/1952,Female,Toucan
0720f2c0-d005-44ee-b69e-8e16bc578b34,Michael,4/3/1999,Male,Eastern quoll
ccba75ee-32ae-4ee9-a6dd-9c8c55e552f7,Marina,11/22/1989,Female,Greater flamingo
4b0f8cdb-5336-4714-98d0-a4a28acb9322,Megan,2/17/1962,Female,Eurasian hoopoe
e7ea07c0-dbf7-4a73-90e1-45f3b0285f74,Ramon,8/25/1982,Male,Eastern diamondback rattlesnake
234b50b0-a35d-4e65-a3fe-ccb1ab134625,Liam,3/2/1992,Male,Feathertail glider
7277639d-2b68-43c6-8611-7098dd4bce76,Chuck,9/25/1989,Male,Shirmp
c1d4a0f2-31d9-43ac-b8ec-0e6e0590a481,Denny,11/21/1983,Male,European badger
fe76adb6-4566-48b9-b539-945c69eac8c2,Luna,1/9/2000,Female,Shirmp
f79eb1a4-0d2d-456f-aa3d-b0ac6e477eca,George,2/2/1986,Male,Jungle kangaroo
402be8cb-7688-4cc7-9f91-e350278b5ec7,Matt,9/17/1979,Male,Feathertail glider
c6ed5c74-fc4d-48af-8a85-aaab97f0f89e,Daria,11/26/1952,Female,Hippopotamus
5177d240-124f-41ab-9465-f555a2bdc912,Ronald,12/31/1971,Male,Kelp gull
45d9c943-91f8-40e9-8943-17c64a652ce8,Molly,7/12/1979,Female,Kinkajou
9aee724f-d116-4f5c-92b9-cdedcb0d5df9,Nancy,7/17/1981,Female,Yak
cb0ea678-9010-40b8-b7f4-511d799293b0,Enoch,3/27/1974,Male,Dromedary camel
3e265c0c-72e8-4d08-a533-7c62b45a14f5,Monica,2/13/1964,Female,Deer
94254c40-e0e8-4f07-a539-91010e4888c4,Wade,7/24/1978,Male,Common ringtail
851541fb-8fbf-414a-b17a-8f5ab5f2a23b,Phillip,12/10/1950,Male,Great egret
aac88670-8a7f-4bec-ae99-ba5e69e0fdfc,Jules,2/19/1957,Female,Zebu
18f1d339-358d-435b-b21e-c9559ed6b0c9,Jack,10/27/1968,Male,Sheep
b3d9b660-636d-479e-9a9d-3649eea7c3cd,Henry,1/16/1969,Male,American buffalo
cb12eaa9-e1c5-44c5-832e-01b7d8508c4f,Johnny,11/29/1954,Male,Vampire Bat
97438708-5b29-4c33-819e-3e0c5716b1ce,Ron,7/4/1976,Male,Rat
86d76aa1-3055-4a95-bc69-0136ea9412d1,Peter,8/28/1955,Male,Bear
df657c23-6f97-4fbe-b112-957aefd18d53,Logan,3/17/1954,Male,Catfish
760ea375-33ba-4d78-b663-06300c279d1f,Nathan,9/29/1988,Male,Galapagos dove
f1ebe823-c5d3-4fea-85b6-d5a67c72d733,Molly,11/4/1959,Female,Bald Eagle
df64cd6f-6a17-49c6-8fc9-9dc8785d179f,Olivia,9/2/1981,Female,Dalmatian
b31bdfeb-d363-4e90-a675-dc44e13e5911,Noah,7/3/1960,Male,Giant girdled lizard
b529a662-e163-45eb-a48f-a8b003e6d12d,Tom,1/6/1966,Male,European badger
a63ce0a9-5ec2-4e59-a95d-6b20842bf390,Anais,7/12/1966,Female,Galapagos dove
5a876007-777c-46a7-8246-e9e1cdbff56b,Lynn,2/4/1988,Female,Sea Lion
fdd0fc17-4350-4071-acb7-ab8d33c62f1e,Danny,12/6/1990,Male,Grizzly bear
8c95a9ee-70a5-49a0-8171-c711c80a7a77,Noah,1/16/1981,Male,Gambels quail
d605c279-60db-405a-86a3-151f12ee44d2,Kurt,1/7/1988,Male,Brown capuchin
af95e961-a253-4265-a4c2-677311c99dd9,Tyson,11/17/1961,Male,Dog
4784e16b-9f80-4f82-8c33-fdc9856c6d84,Kieth,6/23/1995,Male,Indian tree pie
96a1018d-e75b-4b8f-ac54-21feaf461df0,Chuck,3/19/1972,Male,Desert tortoise
cd38986e-c268-47ae-a507-04cee8745ee5,Noah,1/1/1968,Male,Hippopotamus
1fdc5bd8-f49a-4072-a702-341ec8f43a48,Hadley,6/11/1974,Female,Brown capuchin
cdc177e7-09ab-4908-8372-97418125ddd9,Chad,5/1/1952,Male,Collared lemming
c969c84c-5da4-41f7-9944-2aa5a61e2ebe,Julian,3/7/1999,Male,Giant heron
c544741c-32fe-4df1-b3e3-f816d396158d,Camila,4/11/2000,Female,Coyote
9e78bb47-e7c9-4c0f-aa51-375d7499c500,Mike,11/22/1993,Male,Arctic fox
64d5e13f-568a-4c11-8fb7-977df4298797,Rocco,1/30/1957,Male,Common turkey
16b0668c-7478-4ec9-99e7-15129c5cba3d,Noemi,11/27/1952,Female,Hottentot teal
b5dff848-3074-4324-8be0-0e367d0bbcdc,Ron,8/4/1985,Male,Cape Barren goose
cb8688e2-2d9b-43cb-9476-cd9c55153ae9,Makena,8/15/1958,Female,Chicken
c5a91ffb-0d34-4398-9b3e-27a91b76b72b,Danielle,6/13/1982,Female,Great white pelican
e9babde1-4216-4b1d-8f4f-ac7bffb9bf3f,Chester,3/4/1987,Male,Ibex
819c2abb-ed1c-4680-8f54-2ef9809087a0,Alan,10/26/1972,Male,Puma
4cd9eb52-ae8c-4d10-846d-d110741428b0,Martin,4/13/1971,Male,Common turkey
5e73d70b-6b18-4bec-8a7b-4ada2e8dcea1,Rocco,10/31/1961,Male,Emerald green tree boa
8e6727d3-5333-4caf-860f-11133c0d6194,Martin,1/14/1966,Male,Fossa
44fb5df4-af0c-4a0a-91e9-da087373ac26,Carissa,12/31/1995,Female,Falcon
a1d061ff-4e9a-4caf-96cf-f9f19cbb79da,Denny,5/25/1992,Male,Komodo Dragon
bd0b2f5e-90aa-4871-8a95-d87e98d61f52,Cedrick,6/8/1968,Male,Caracal
71c50822-b1db-4ebb-bcdb-fd506f7bf50c,Mavis,8/5/1962,Female,Crested bunting
a23aa403-35ff-4c09-a082-1616bec914af,Johnny,10/12/1962,Male,Owl
2209a0e6-7f82-4f29-8e32-187c4b624db0,Dani,12/31/1976,Female,Sparrow
90977cf9-cf05-4c9d-8517-d62a84a73072,Robyn,1/2/1973,Female,Great white pelican
15843949-27fc-43d8-98c1-422038a021a7,Brad,7/25/1989,Male,Blue catfish
cfec3d88-fa32-4083-ae2f-36e60a561981,Josephine,3/12/1985,Female,Black spider monkey
c65ae5c4-6188-4f2d-860e-2585fe4e9cb8,Rowan,11/29/1971,Female,Cheetah
71a0eb3c-9a6b-4244-b1ad-741cd8f0df85,Olivia,7/7/1959,Female,Ibex
7aa9bd16-7fec-4d72-8330-968ca504b109,Hank,4/26/1954,Male,Eastern fox squirrel
acf8c5d8-dfba-41b0-8f63-05b7ae868742,Caleb,9/26/1960,Male,Frilled dragon
07080436-d3ed-454c-80c0-b00ccfea39a8,Matthew,3/16/1980,Male,Dodo
2b50296a-6556-4850-a839-ff3429468798,Clarissa,1/8/1982,Female,Harrie
a5c0c76a-205c-4be0-b63e-ea6607294f49,Ilona,2/6/1957,Female,Cobra
398e2a72-ff9a-48d6-b46f-0cebbb63fa28,Lynn,10/30/1972,Female,European beaver
62c64791-d9df-4bee-917b-92ae6d8c1a81,Daron,9/7/1981,Male,Galah
1e072162-1c65-46df-9451-89b2590552e3,Fred,5/5/1994,Male,Brown capuchin
9d5dfde8-6e9b-4dbf-a6a7-977d78e862c3,Caleb,10/21/1987,Male,Cape cobra
b0c1388f-f65e-445d-8ec0-bc3ea0b6246c,Kieth,8/11/2000,Male,Clown Fish
3e6ed499-9f56-40dc-bf92-8ee84d30f338,Violet,9/12/1950,Female,Carpet python
bf97b792-21b4-4e1a-a0c5-f83f42059f34,Georgia,12/18/1952,Female,Kiwi
c6c26ed1-3e70-4cc2-96c2-ce25305a727a,Alexander,4/11/1988,Male,Javanese cormorant
f162a665-6bbc-4e0f-bea1-03204ac12496,Angelica,3/15/1957,Female,Chipmunk
ada0c5f4-480d-4927-8131-9df7df2cad48,Marla,10/25/1989,Female,Horned lark
f19f281d-06dd-4417-997d-68e30b8a29d2,Susan,3/12/1975,Female,Seal
aed019f0-8e6c-4a31-9337-84b374f1c094,Henry,5/11/1993,Male,Polar Bear
fcce2e08-e23f-48fe-8928-938aaa29a94f,Noemi,9/1/1953,Female,Egyptian goose
52f8ebf0-1257-4b4d-9909-11b4f5ad2f15,Jacob,3/23/1965,Male,Cat
7b3237b0-2965-4e59-9aee-d0d07647e2b4,Leroy,12/24/1998,Male,wasp
88ec2b3b-52e9-48a3-8fab-ee84cc2ae3e0,Ilona,1/11/1957,Female,Egyptian viper
632df0b0-b001-4e4a-ab22-f2ada2aecb12,Ronald,3/16/1958,Male,Shirmp
cbd3e67f-a8a5-496f-809e-1868e4b2c8ee,Tess,9/9/1981,Female,European shelduck
ab278de5-8477-48db-916f-ef6c52b8a475,Hadley,6/25/1963,Female,Goliath heron
b165e43d-ef01-4b88-9429-a70ba0feb539,Hayden,5/23/1988,Male,Gorilla
becf4617-f760-4127-9663-7e6c6e0cf797,Carrie,3/4/1991,Female,Bison
fdf5e93f-1c06-4d3e-9178-26ec3ada47a7,Ryan,6/8/1993,Male,Common pheasant
afb24c51-0809-4f75-a0ad-f40499c3ad12,Adeline,12/16/1951,Female,Feral rock pigeon
cc796582-39f4-4206-abd9-38ffacf1a7a2,Dorothy,12/27/1955,Female,Caracal
3f1bc9aa-cf03-4cad-ad3b-6b339428cbb4,Kate,11/29/1952,Female,Gambels quail
3bcebf70-e0b2-4bd6-b205-f0f5f5a40a9e,Rufus,12/2/1980,Male,Gray duiker
f555aa61-50e3-4642-b9a3-89de529c5fd6,Ron,5/29/1961,Male,Lemur
302aef3a-6aba-49ee-973b-512b0f753ea0,Marigold,11/24/1971,Female,Collared lemming
2603d658-363b-4b8a-b8d8-e89287527b87,Jocelyn,12/17/1989,Female,Harbor seal
b648eefd-e735-4b5b-88f1-1721eaf72e38,Shay,3/21/1992,Female,Honey badger
1917f2c7-72b0-44e2-8abc-5070b805e152,Marigold,7/25/1962,Female,Eurasian red squirrel
3b72d372-4059-4f3d-9964-4df5d0d8a085,Ember,11/4/1961,Female,Common wolf
5bf4271b-0847-4e1d-a39c-221325a9568b,Andrea,5/7/1996,Female,Eurasian red squirrel
e655c1d5-027e-49b2-8b23-d4e6da041fe5,Peyton,11/15/1984,Female,Bat
d8010e56-a3fd-499c-b09b-d5dd004e38ba,Callie,1/6/1989,Female,Common wolf
192d66f5-7b9e-40d8-91b7-76d3126518d2,Fred,9/21/1964,Male,Bat
790ca595-9926-413b-8b0d-755c82226437,Denny,6/13/1986,Male,Eastern white pelican
87263508-4c2c-4b4d-aa3a-f8ba2f56e00c,Abbey,4/15/1982,Female,Common genet
602760bb-adc0-4f47-b465-e496fb460d16,Lillian,6/1/1956,Female,Gray langur
8d0cd52a-fe81-44fe-8992-590f23f6e360,Lana,3/19/1961,Female,Polar Bear
bbfa1f19-90a9-4c0b-9caf-e8338b0ee356,Liam,11/8/1990,Male,Chicken
1e8b4f14-9e1c-41c9-ad55-13fa9160761b,Michael,12/25/1973,Male,Common langur
02f39099-d5e9-42a9-9f63-a271bc5afa1a,Maxwell,2/14/1970,Male,Egyptian vulture
d24b2c64-3534-4766-ae3a-7ad4b2c474e9,Meredith,6/20/1999,Female,Zebu
da33ddea-fd83-46fe-a514-79c97f01c188,Juliet,5/10/1967,Female,Frilled dragon
6e54f6cb-890a-4974-93cb-5c9b82dc6427,Emmanuelle,1/24/1973,Female,Japanese macaque
6392ea84-6c53-433a-b05b-2b10d2948b18,Chuck,7/1/1969,Male,Black-capped chickadee
567a48fe-2488-4abd-85d4-b1a20dc243ce,Margaret,9/16/1975,Female,Frilled lizard
14e343d1-80d6-4287-9ffa-1bbc4c604335,Nathan,4/6/1998,Male,Common wombat
85c76f3e-2d4f-4a7a-925a-aaca6658e85c,Clint,11/19/1993,Male,Bear
3dbada01-2743-4f21-b0df-90dc764f5c79,Benjamin,2/1/1969,Male,Gerenuk
57bfeb7d-a227-42d5-b83d-0bbc41d678ac,Felicity,1/29/1996,Female,Harbor seal
f0f72937-4080-4376-8ba1-81a5f3807e8c,Ryan,1/25/2000,Male,Carmine bee-eater
88a58d80-c22e-44c3-8fd3-1ff3c6f2b55f,Ellen,8/8/1978,Female,Cape Barren goose
7c439d2f-99d9-4537-b223-bf3afb05166c,Jaylene,12/29/1987,Female,Galapagos albatross
fa6c78e3-5de3-4b3f-9d87-07e2f735fc94,Tyler,11/5/1961,Male,Duck
02584889-4712-496a-8bcd-003763a0d21c,Liam,4/17/1977,Male,California sea lion
401e8dd2-f217-4838-897f-fb42228193be,Marissa,6/17/1961,Female,Hottentot teal
d326c86f-cf53-40b1-958f-7e1eef68cf21,Lillian,8/21/1952,Female,Kinkajou
b114fc65-e7ff-4969-9f1b-9b529a6f01ea,Hayden,11/25/1990,Male,Jungle cat
8ab64db8-70b8-4553-bfaf-909164c49cc5,Russel,12/8/1962,Male,Galapagos tortoise
defba391-e24c-4127-9311-c016f50b6d85,Boris,9/27/1975,Male,Zebra
62347561-58b6-4db9-ba96-d11fddb4d037,Naomi,7/15/1961,Female,Armadillo
043059ff-a2c2-4110-adfd-683879d59fe4,Marvin,1/11/1955,Male,Bat
c6499a54-175a-45cb-9a44-0cd815ad6f27,Leroy,5/30/1973,Male,Polar Bear
2af7eaff-da44-4225-a4b2-da017317e592,Ruby,1/19/1965,Female,Puma
8fea952c-0318-4d67-bfe6-0cc9a80b0bdf,Nicole,2/25/1971,Female,Puma
ec63fc39-25e4-471d-a336-90c3c779c98a,Chester,12/18/1960,Male,Fossa
10dbc894-af2d-46ee-bbab-e76a5e0d2c3f,Julius,6/25/1998,Male,Yak
727d60b8-1862-47d2-b5b1-9067a7163f0b,Jack,2/17/1953,Male,Indian peacock
7e7950e6-c8b0-4d26-94ab-c03770cfaf34,Sienna,4/9/1959,Female,Indian peacock
b938a948-3d61-4469-b59a-d5c9bd2a1151,Shay,10/25/1972,Female,Common genet
a13f384c-de51-4393-a251-a79ea289a18f,Maxwell,5/7/1967,Male,Huron
53fd012b-4be6-4d40-9712-39bb121178a3,Anne,4/19/1991,Female,Indian mynah
f55a8386-87b9-4d83-8571-24890548f1c3,Summer,5/25/1953,Female,Golden eagle
92960ed7-c15e-4c14-aee0-a14feadd893d,Percy,5/18/1987,Male,Common ringtail
e6b6db69-baf0-47a1-a573-3911fb911d17,Davina,11/20/1969,Female,Common langur
0dd31228-db0b-42d6-b70d-5531dcad76be,Denis,5/19/1970,Male,Cape raven
7fb6f070-806a-463e-9b57-f2cbb1179b25,Amelia,6/2/1967,Female,Koala
a497c7fd-a3d1-406d-9cf0-5677124d5776,Ethan,8/8/1982,Male,Badger
7b138c46-e16b-491e-96a7-93d88fdb9a26,Mason,6/1/1954,Male,Indian porcupine
8e63569f-bace-48d0-bd08-0f1fdf95ee91,Rocco,7/9/1977,Male,Eastern boa constrictor
e80085cb-c52b-467b-8a57-0bacaebe3843,Rosie,10/22/1994,Female,Indian tree pie
9d2108bc-d246-4a7f-9e2e-83f38ee8b0e6,Ronald,5/16/1991,Male,Kinkajou
e79cd4c1-9f40-416a-a7d8-bc48791bf1a9,Trisha,8/23/1963,Female,Turkey
cd57fae5-4f7d-4365-b290-27ab0288a0c0,Doug,5/29/1964,Male,Eastern fox squirrel
732710ed-8958-45c5-8165-9d78c1295db5,Bob,7/13/2000,Male,Eurasian red squirrel
77ef0d31-817b-4ad9-a373-bbe6f37ef658,Tyler,10/14/1975,Male,Gaur
b51cdf85-0522-4133-aace-633277f94634,Bridget,10/7/1956,Female,Weasel
690e84df-ebb8-4b4b-b210-4333ae1d9a4a,Matt,3/6/2000,Male,Deer
5bd48488-055c-4b1c-aaeb-c111701f9e8a,Luke,7/25/1998,Male,Toucan
17d4cc88-bc53-44e0-8ff7-8cfc1d36e0b5,Celina,11/27/1958,Female,Eastern diamondback rattlesnake
7a9db1d5-1b1a-4119-b2eb-c6eca002ae98,Alba,1/17/1976,Female,Bushbuck
639ce22f-1ad5-463f-9dbd-221e15753446,Payton,8/28/1965,Female,Indian giant squirrel
0c8e3f3e-0e03-4322-af68-19655a9e9136,Bart,2/3/1989,Male,Gray duiker
1981d38e-e591-4cfb-908a-b4920d2fbd22,Eryn,8/13/1960,Female,European badger
8a609421-5d01-46d6-a646-09c0ec24401a,Lily,3/7/1995,Female,Dusky rattlesnake
91a6172e-fec1-447c-b78e-2f264fa1b927,Aiden,12/27/1979,Male,Galapagos penguin
48ea2c7a-e7ba-440b-b6e8-963a455a0c91,Nathan,1/29/1985,Male,Donkey
d1cb1b32-6d11-4f0e-b1f4-1a6767dd3126,Zara,2/14/1992,Female,FireFly
583ed7c3-b4a3-4031-b3d4-9a14e609b9c8,Audrey,11/10/1992,Female,Boar
32ed9738-9540-42f5-b5a8-67d3a883fdf8,Matthew,1/11/1973,Male,Possum
7b9d575d-3fb2-4958-b050-7f4348bfe1de,Ryan,5/13/1973,Male,Goliath heron
2fee4545-3d73-4908-a1d8-ac439203df4d,Stella,6/26/1979,Female,Frilled dragon
dacb2e21-aa56-4ed6-9d98-87512d63d047,Boris,2/1/1993,Male,Boar
5aff567d-b8a8-45fc-9251-cfa61ece5afe,Carrie,10/13/1959,Female,Elephant
1be2f5e1-da38-4116-b8f4-e77b622f8010,Lucas,3/3/1999,Male,Gila monster
3e0e211a-3f11-4208-9713-f35e37047e07,Irene,11/29/1959,Female,Dog
cc55dcc2-228e-45bd-aeaa-bfa7007d70d5,Ryan,12/30/1983,Male,Buttermilk snake
81498730-df61-415f-accc-c23dc7c128e1,Dalia,9/23/1976,Female,Cape fox
2af15fc9-416b-4456-9985-12acfb3403fc,Bryon,2/24/1993,Male,Gorilla
ab72bea4-bbad-4cf9-bfec-e8c6d253684d,Cassandra,3/16/1970,Female,Indian jackal
32d5690d-ed3f-4675-832f-ee3c4c307339,Lynn,11/3/1968,Female,Owl
5c3f487d-ca4d-4d74-a101-d4631a9509e4,Lucas,7/16/1959,Male,Red Panda
04a73f3f-f2d0-4ef5-859f-93ece5511d89,Domenic,3/14/1983,Male,Jabiru stork
ecd1253b-ab7b-4ab2-a310-4af2e5fde033,Gil,2/20/1957,Male,Jaguarundi
a94966dd-9430-4373-b4d7-8bb443ba3108,Angelique,5/15/1979,Female,Zebra
1ac60de3-60d5-4e09-b918-a5a99289e298,Ramon,3/22/1998,Male,Cormorant
ce0d1733-ea6c-4ce4-a54d-72e6be38c0f6,Brad,12/8/1993,Male,Somali
8a64887e-73d1-41df-b72a-6d836a07062d,Ron,11/28/1983,Male,Egyptian vulture
2a70e1fa-27ee-41fb-81c1-11c28a8536f1,Summer,8/5/1975,Female,Cape wild cat
8824a2e8-110a-4e91-9b75-cf3e94af899e,Mike,7/7/1986,Male,California sea lion
fda17280-4157-4924-96bc-727bdd8c3dbe,Makena,5/31/1984,Female,Cape raven
3b2c0563-ff79-42b9-ac1b-405b70addbea,Chester,11/1/1972,Male,Fork-tailed drongo
c4f7b28e-5739-4d57-8b7a-f3b8160ba8aa,Mike,5/23/1966,Male,Ladybug
1efe5b72-d559-45ba-84cb-30ca517b41c3,Miley,6/10/1966,Female,Armadillo
14b957b1-ffc2-4200-83de-f082d52dff35,Selena,4/7/1992,Female,European red squirrel
2da20c68-2761-4c00-a48b-1decf27e0f38,Nate,12/6/1976,Male,Bobcat
ecd565b7-c624-4be0-a5dc-86ddac09d8cd,Bree,8/15/1977,Female,European spoonbill
634860b8-057c-4a92-8f60-4f63755e47b8,Anne,2/28/1986,Female,Common turkey
f573e5b6-3b03-4444-819a-e8d718bf6f77,Nate,6/27/1974,Male,Bat
c4165aef-4e97-46af-81d2-13182b67e8d9,Carmen,2/17/1959,Female,Indian peacock
420fb0ef-733e-4b94-a629-321d3a49bf9f,Jacob,12/11/1969,Male,Dalmatian
505ec9c9-6e0b-4358-9ae9-58e5cc07724d,Leslie,6/12/1954,Female,Indian peacock
38c95e02-f926-4a0f-9b1f-5bc354e8465c,Julius,4/29/1961,Male,Glossy ibis
3ad33b83-5853-4e54-83e0-805b49c9a423,Jenna,3/5/1953,Female,Turkey
1261a0c6-2e7d-4804-aa75-9e67f8c4c2e5,Hayden,12/6/1989,Male,Gray duiker
8c10bde5-e5bf-4294-a8f4-afcf8fb4e2e6,Tyson,12/29/1999,Male,Desert tortoise
807737b9-2ffa-4b89-a4cd-c06724db4fc4,Johnny,5/8/1968,Male,Emu
01bdd443-7903-4584-a909-a77e988fd12a,Carl,2/4/2000,Male,Japanese macaque
85e5669d-32c0-459e-b6a8-8e565f72c5cf,Elijah,4/26/1958,Male,Eastern indigo snake
ba250aeb-a258-4414-99d2-7200625bb917,Doug,1/3/1998,Male,Bear
4726803e-05b4-4267-936f-8c3d734ef126,Anais,4/2/1992,Female,African elephant
f2b75655-b11d-4983-a2a7-aebb64845a10,Alison,3/1/1960,Female,Calf
2dd6430e-de78-4e1a-ba2a-7048ac5186a7,Margaret,12/24/1968,Female,Chipmunk
b405d7fb-9bc4-4979-b8f5-abc7e21a8a30,Mike,3/11/1970,Male,Herring gull
112a9033-254e-418c-bd9f-0f2e5b93ece1,Erick,12/18/1979,Male,Chacma baboon
df2eaf41-194f-4612-a6b7-21b72b76bdbc,Josh,1/3/1951,Male,Great egret
107f685b-200b-438a-af29-e83647b2be2f,Adalie,6/6/1970,Female,Gambels quail
131fe297-862b-4cf2-94b5-48912b59bec6,Javier,9/28/1986,Male,Yak
637d8c8c-c964-45fc-b4ab-85ced9d03127,Cedrick,2/1/1993,Male,Koala
e8e4d9fe-508e-4e16-bbfb-ef7d77ea1398,Doug,5/29/1981,Male,Japanese macaque
432d41a4-1490-4c9b-85c5-6841132f8a72,Morgan,8/7/1981,Female,Impala
75569696-b90f-4dd3-8601-b5961a2cc944,Lauren,6/23/1993,Female,Common wombat
f5555a14-ea6d-488e-a92a-ddac5ac5a9e5,Nicholas,7/29/1966,Male,Dog
00a4a564-b9bd-41ac-84a8-04c4a6d786a3,Janelle,7/2/1999,Female,Raccoon
ea3e7e25-e7a1-4cb8-a81e-5f466c252efd,Sylvia,10/5/1960,Female,Crested bunting
1bdb0bef-e7c4-43d9-a40a-d15d3c031d28,Charlotte,12/8/1970,Female,Helmeted guinea fowl
88b5f8f9-b358-4c1a-8ccd-5ef3fb8cf309,Barry,11/27/1964,Male,Red Panda
01f3b765-342d-4dd6-8816-97aeb3447cd1,Nick,12/9/1989,Male,Kelp gull
f4357e69-2ffd-46e8-812c-b15e6533e14d,Florence,8/15/1989,Female,Gambels quail
d110d644-0c3a-4396-9cb3-01af17668152,Abdul,6/18/1961,Male,Clown Fish
d62c12d4-6de0-4a56-8583-4dd4ff61cdd7,Melania,3/8/1966,Female,Dalmatian
ec310164-43b7-411c-bf48-d29844355a97,Henry,1/31/1970,Male,Arctic fox
be640cc4-4583-46ae-8fa5-0749513fb1eb,Bart,10/25/1961,Male,Kaffir cat
119a6d93-24e2-4661-a0da-86c05d339e76,Ivette,12/30/1954,Female,Chicken
9ed1e090-c83e-4ae1-8ae8-382f70532588,Madelyn,5/28/1961,Female,Giraffe
d48bd971-20ec-4419-a668-e18c2482cc20,Mya,7/12/1955,Female,Burrowing owl
df0ecc88-cedd-4e81-8923-f0d8f00ca74c,Hayden,6/15/1959,Male,Ibex
6ddc3d38-84bf-4cb3-b270-d7ddbd8b85e6,Tyson,12/27/1965,Male,Glossy ibis
d656dd41-c922-4d41-8e14-395328b6ebb8,Ethan,1/24/1958,Male,Feathertail glider
c5a5357d-db84-4daa-b8d7-c03d19d3c243,Danny,3/3/1975,Male,Badger
2d4d7ce0-7714-49c3-8c82-c23c5210bb9d,Isabel,3/6/1985,Female,Sloth
cd8cfcb7-ef7d-499e-b1c7-ca817b2e5dca,Ethan,9/6/1990,Male,Gorilla
fb608169-aa60-4cc0-a394-99abd74a042f,Susan,5/26/1978,Female,Capybara
ed144460-df78-4832-bf08-1ef4c86a163c,Doug,4/5/1990,Male,Fork-tailed drongo
7fbff006-3708-4d6e-9fff-fb6b4be5534a,Clint,12/25/1988,Male,Fossa
fbe75b8c-8e3b-4637-9a2b-7a6b90a785e9,Elisabeth,11/16/1987,Female,Hottentot teal
46d6f485-065b-40c7-bbe3-278243b31f66,Josh,6/21/1989,Male,Deer
1ac14f6a-0c4c-4b3c-a688-8ed06e54e1a3,Ellen,1/14/1981,Female,Horned puffin
8fb52e75-7bfa-4164-bc7f-3c8f2bde93d7,Doug,11/26/1975,Male,Leopard
31c8c2c6-dbf0-4b7a-9616-8da15de5178f,Juliette,3/30/1990,Female,Galapagos tortoise
09d15075-5d5a-4625-bd82-5ea76e7c47ac,Cara,5/5/1972,Female,Frilled lizard
40e32121-69ee-41fd-a0a6-54bc6f524591,Wade,3/7/1966,Male,Emerald green tree boa